state,date,ML,Low_90,High_90,Low_50,High_50
Abruzzo,2020-03-15 17:00:00,2.45,0.42,4.18,1.57,3.18
Abruzzo,2020-03-16 17:00:00,2.5100000000000002,1.06,3.7800000000000002,1.87,2.99
Abruzzo,2020-03-17 17:00:00,2.5300000000000002,1.3900000000000001,3.5100000000000002,2.0300000000000002,2.9
Abruzzo,2020-03-18 17:00:00,2.44,1.49,3.25,2.04,2.7600000000000002
Abruzzo,2020-03-19 17:00:00,2.24,1.42,2.95,1.86,2.49
Abruzzo,2020-03-20 17:00:00,2.02,1.29,2.67,1.67,2.24
Abruzzo,2020-03-21 17:00:00,1.8,1.1,2.39,1.48,2.0100000000000002
Abruzzo,2020-03-22 17:00:00,1.6300000000000001,0.96,2.19,1.3,1.81
Abruzzo,2020-03-23 17:00:00,1.54,0.93,2.11,1.23,1.72
Abruzzo,2020-03-24 17:00:00,1.56,0.9400000000000001,2.09,1.3,1.77
Abruzzo,2020-03-25 17:00:00,1.59,1.03,2.14,1.31,1.77
Abruzzo,2020-03-26 17:00:00,1.59,1.02,2.1,1.3,1.75
Abruzzo,2020-03-27 17:00:00,1.53,0.98,2.0300000000000002,1.3,1.73
Abruzzo,2020-03-28 17:00:00,1.4000000000000001,0.87,1.9000000000000001,1.12,1.55
Abruzzo,2020-03-29 17:00:00,1.22,0.67,1.7,0.99,1.41
Abruzzo,2020-03-30 17:00:00,1.03,0.49,1.52,0.75,1.18
Abruzzo,2020-03-31 17:00:00,0.85,0.28,1.33,0.6,1.03
Abruzzo,2020-04-01 17:00:00,0.75,0.17,1.23,0.5,0.9400000000000001
Abruzzo,2020-04-02 17:00:00,0.74,0.14,1.22,0.49,0.9400000000000001
Abruzzo,2020-04-03 17:00:00,0.76,0.16,1.26,0.51,0.97
Abruzzo,2020-04-04 17:00:00,0.81,0.19,1.32,0.53,1.0
Abruzzo,2020-04-05 17:00:00,0.8200000000000001,0.2,1.34,0.51,0.99
Abruzzo,2020-04-06 17:00:00,0.86,0.22,1.3800000000000001,0.58,1.06
Abruzzo,2020-04-07 17:00:00,0.91,0.27,1.44,0.64,1.12
Abruzzo,2020-04-08 17:00:00,1.0,0.36,1.53,0.71,1.19
Abruzzo,2020-04-09 17:00:00,1.07,0.44,1.6,0.76,1.24
Abruzzo,2020-04-10 17:00:00,1.07,0.45,1.6,0.8,1.27
Abruzzo,2020-04-11 17:00:00,1.01,0.4,1.54,0.72,1.19
Abruzzo,2020-04-12 17:00:00,0.9,0.29,1.43,0.62,1.09
Abruzzo,2020-04-13 17:00:00,0.8,0.2,1.33,0.55,1.02
Abruzzo,2020-04-14 17:00:00,0.77,0.15,1.29,0.49,0.97
Abruzzo,2020-04-15 17:00:00,0.8200000000000001,0.17,1.34,0.52,1.01
Abruzzo,2020-04-16 17:00:00,0.92,0.28,1.47,0.64,1.1300000000000001
Abruzzo,2020-04-17 17:00:00,0.98,0.36,1.55,0.7000000000000001,1.19
Abruzzo,2020-04-18 17:00:00,1.0,0.36,1.55,0.71,1.2
Abruzzo,2020-04-19 17:00:00,1.0,0.38,1.56,0.6900000000000001,1.18
Abruzzo,2020-04-20 17:00:00,0.98,0.35000000000000003,1.53,0.67,1.16
Abruzzo,2020-04-21 17:00:00,0.93,0.29,1.47,0.62,1.11
Abruzzo,2020-04-22 17:00:00,0.85,0.23,1.4000000000000001,0.55,1.04
Abruzzo,2020-04-23 17:00:00,0.73,0.1,1.25,0.45,0.9400000000000001
Abruzzo,2020-04-24 17:00:00,0.6,0.03,1.11,0.28,0.77
Abruzzo,2020-04-25 17:00:00,0.48,0.0,1.02,0.16,0.64
Abruzzo,2020-04-26 17:00:00,0.36,0.0,0.98,0.13,0.58
Abruzzo,2020-04-27 17:00:00,0.32,0.0,0.97,0.11,0.55
Abruzzo,2020-04-28 17:00:00,0.31,0.0,0.98,0.1,0.54
Abruzzo,2020-04-29 17:00:00,0.3,0.0,0.98,0.09,0.53
Abruzzo,2020-04-30 17:00:00,0.31,0.0,1.0,0.09,0.54
Abruzzo,2020-05-01 17:00:00,0.34,0.0,1.05,0.12,0.59
Abruzzo,2020-05-02 17:00:00,0.37,0.0,1.09,0.08,0.58
Abruzzo,2020-05-03 17:00:00,0.45,0.0,1.1500000000000001,0.13,0.66
Abruzzo,2020-05-04 17:00:00,0.49,0.0,1.19,0.14,0.6900000000000001
Abruzzo,2020-05-05 17:00:00,0.53,0.0,1.22,0.2,0.76
Abruzzo,2020-05-06 17:00:00,0.52,0.0,1.22,0.21,0.77
Abruzzo,2020-05-07 17:00:00,0.51,0.0,1.22,0.23,0.79
Abruzzo,2020-05-08 17:00:00,0.45,0.0,1.19,0.14,0.6900000000000001
Abruzzo,2020-05-09 17:00:00,0.38,0.0,1.17,0.15,0.68
Abruzzo,2020-05-10 17:00:00,0.33,0.0,1.1400000000000001,0.06,0.58
Abruzzo,2020-05-11 17:00:00,0.32,0.0,1.1400000000000001,0.12,0.63
Basilicata,2020-03-20 17:00:00,1.67,0.0,4.34,0.46,2.5300000000000002
Basilicata,2020-03-21 17:00:00,1.6400000000000001,0.0,3.47,0.68,2.32
Basilicata,2020-03-22 17:00:00,1.41,0.01,2.92,0.58,1.95
Basilicata,2020-03-23 17:00:00,1.3,0.02,2.62,0.53,1.75
Basilicata,2020-03-24 17:00:00,1.47,0.11,2.68,0.76,1.92
Basilicata,2020-03-25 17:00:00,1.57,0.24,2.72,1.0,2.07
Basilicata,2020-03-26 17:00:00,1.62,0.32,2.68,1.09,2.08
Basilicata,2020-03-27 17:00:00,1.57,0.36,2.57,1.07,1.99
Basilicata,2020-03-28 17:00:00,1.48,0.33,2.41,0.96,1.83
Basilicata,2020-03-29 17:00:00,1.35,0.26,2.23,0.85,1.68
Basilicata,2020-03-30 17:00:00,1.2,0.19,2.05,0.71,1.51
Basilicata,2020-03-31 17:00:00,1.08,0.11,1.8800000000000001,0.59,1.37
Basilicata,2020-04-01 17:00:00,0.97,0.04,1.73,0.5,1.26
Basilicata,2020-04-02 17:00:00,0.92,0.02,1.67,0.46,1.21
Basilicata,2020-04-03 17:00:00,0.87,0.01,1.62,0.43,1.17
Basilicata,2020-04-04 17:00:00,0.87,0.0,1.62,0.47000000000000003,1.21
Basilicata,2020-04-05 17:00:00,0.8200000000000001,0.0,1.58,0.32,1.06
Basilicata,2020-04-06 17:00:00,0.76,0.0,1.55,0.26,0.99
Basilicata,2020-04-07 17:00:00,0.7000000000000001,0.0,1.52,0.28,0.99
Basilicata,2020-04-08 17:00:00,0.62,0.0,1.49,0.17,0.87
Basilicata,2020-04-09 17:00:00,0.52,0.0,1.46,0.15,0.8300000000000001
Basilicata,2020-04-10 17:00:00,0.52,0.0,1.48,0.13,0.8200000000000001
Basilicata,2020-04-11 17:00:00,0.42,0.0,1.45,0.1,0.77
Basilicata,2020-04-12 17:00:00,0.42,0.0,1.47,0.09,0.77
Basilicata,2020-04-13 17:00:00,0.43,0.0,1.49,0.14,0.8200000000000001
Basilicata,2020-04-14 17:00:00,0.43,0.0,1.51,0.12,0.81
Basilicata,2020-04-15 17:00:00,0.44,0.0,1.52,0.1,0.8
Basilicata,2020-04-16 17:00:00,0.45,0.0,1.54,0.09,0.8
Basilicata,2020-04-17 17:00:00,0.46,0.0,1.55,0.13,0.84
Basilicata,2020-04-18 17:00:00,0.47000000000000003,0.0,1.57,0.11,0.8300000000000001
Basilicata,2020-04-19 17:00:00,0.39,0.0,1.53,0.11,0.8
Basilicata,2020-04-20 17:00:00,0.39,0.0,1.54,0.09,0.79
Basilicata,2020-04-21 17:00:00,0.48,0.0,1.62,0.12,0.86
Basilicata,2020-04-22 17:00:00,0.5,0.0,1.6300000000000001,0.1,0.85
Basilicata,2020-04-23 17:00:00,0.41000000000000003,0.0,1.58,0.08,0.8
Basilicata,2020-04-24 17:00:00,0.41000000000000003,0.0,1.59,0.12,0.84
Basilicata,2020-04-25 17:00:00,0.41000000000000003,0.0,1.61,0.09,0.8200000000000001
Basilicata,2020-04-26 17:00:00,0.36,0.0,1.56,0.06,0.76
Basilicata,2020-04-27 17:00:00,0.36,0.0,1.58,0.12,0.8200000000000001
Basilicata,2020-04-28 17:00:00,0.36,0.0,1.59,0.08,0.79
Basilicata,2020-04-29 17:00:00,0.37,0.0,1.61,0.07,0.79
Basilicata,2020-04-30 17:00:00,0.44,0.0,1.69,0.14,0.9
Basilicata,2020-05-01 17:00:00,0.45,0.0,1.7,0.1,0.87
Basilicata,2020-05-02 17:00:00,0.46,0.0,1.71,0.14,0.91
Basilicata,2020-05-03 17:00:00,0.38,0.0,1.6500000000000001,0.07,0.81
Basilicata,2020-05-04 17:00:00,0.33,0.0,1.6,0.08,0.78
Basilicata,2020-05-05 17:00:00,0.3,0.0,1.55,0.04,0.71
Basilicata,2020-05-06 17:00:00,0.31,0.0,1.57,0.03,0.71
Basilicata,2020-05-07 17:00:00,0.31,0.0,1.59,0.07,0.75
Basilicata,2020-05-08 17:00:00,0.31,0.0,1.61,0.05,0.74
Basilicata,2020-05-09 17:00:00,0.32,0.0,1.6300000000000001,0.03,0.73
Basilicata,2020-05-10 17:00:00,0.32,0.0,1.6500000000000001,0.02,0.73
Basilicata,2020-05-11 17:00:00,0.32,0.0,1.67,0.06,0.77
Calabria,2020-03-19 17:00:00,1.76,0.01,3.38,0.89,2.44
Calabria,2020-03-20 17:00:00,1.61,0.16,2.82,0.9,2.07
Calabria,2020-03-21 17:00:00,1.3900000000000001,0.19,2.42,0.8200000000000001,1.79
Calabria,2020-03-22 17:00:00,1.28,0.18,2.18,0.77,1.6300000000000001
Calabria,2020-03-23 17:00:00,1.27,0.27,2.13,0.79,1.58
Calabria,2020-03-24 17:00:00,1.3800000000000001,0.42,2.19,0.96,1.69
Calabria,2020-03-25 17:00:00,1.56,0.66,2.31,1.1400000000000001,1.82
Calabria,2020-03-26 17:00:00,1.6600000000000001,0.87,2.39,1.27,1.9000000000000001
Calabria,2020-03-27 17:00:00,1.6600000000000001,0.89,2.32,1.29,1.8800000000000001
Calabria,2020-03-28 17:00:00,1.51,0.77,2.13,1.16,1.72
Calabria,2020-03-29 17:00:00,1.28,0.5700000000000001,1.8900000000000001,0.97,1.51
Calabria,2020-03-30 17:00:00,1.02,0.33,1.6300000000000001,0.68,1.22
Calabria,2020-03-31 17:00:00,0.8300000000000001,0.15,1.42,0.51,1.05
Calabria,2020-04-01 17:00:00,0.75,0.05,1.3,0.39,0.9400000000000001
Calabria,2020-04-02 17:00:00,0.74,0.04,1.3,0.38,0.9400000000000001
Calabria,2020-04-03 17:00:00,0.79,0.07,1.37,0.44,1.01
Calabria,2020-04-04 17:00:00,0.8300000000000001,0.12,1.45,0.48,1.06
Calabria,2020-04-05 17:00:00,0.85,0.1,1.45,0.55,1.1300000000000001
Calabria,2020-04-06 17:00:00,0.8300000000000001,0.08,1.43,0.46,1.05
Calabria,2020-04-07 17:00:00,0.79,0.05,1.3800000000000001,0.42,1.01
Calabria,2020-04-08 17:00:00,0.74,0.02,1.33,0.37,0.96
Calabria,2020-04-09 17:00:00,0.6900000000000001,0.0,1.29,0.31,0.9
Calabria,2020-04-10 17:00:00,0.64,0.0,1.26,0.32,0.9
Calabria,2020-04-11 17:00:00,0.58,0.0,1.24,0.19,0.77
Calabria,2020-04-12 17:00:00,0.55,0.0,1.24,0.17,0.75
Calabria,2020-04-13 17:00:00,0.5700000000000001,0.0,1.27,0.2,0.79
Calabria,2020-04-14 17:00:00,0.64,0.0,1.32,0.28,0.89
Calabria,2020-04-15 17:00:00,0.67,0.0,1.35,0.29,0.91
Calabria,2020-04-16 17:00:00,0.64,0.0,1.34,0.25,0.87
Calabria,2020-04-17 17:00:00,0.61,0.0,1.33,0.2,0.8200000000000001
Calabria,2020-04-18 17:00:00,0.58,0.0,1.32,0.23,0.84
Calabria,2020-04-19 17:00:00,0.55,0.0,1.31,0.17,0.78
Calabria,2020-04-20 17:00:00,0.51,0.0,1.3,0.18,0.78
Calabria,2020-04-21 17:00:00,0.53,0.0,1.32,0.21,0.8200000000000001
Calabria,2020-04-22 17:00:00,0.48,0.0,1.31,0.12,0.73
Calabria,2020-04-23 17:00:00,0.44,0.0,1.3,0.11,0.71
Calabria,2020-04-24 17:00:00,0.39,0.0,1.29,0.1,0.6900000000000001
Calabria,2020-04-25 17:00:00,0.36,0.0,1.28,0.09,0.67
Calabria,2020-04-26 17:00:00,0.34,0.0,1.26,0.07,0.64
Calabria,2020-04-27 17:00:00,0.32,0.0,1.25,0.05,0.61
Calabria,2020-04-28 17:00:00,0.3,0.0,1.24,0.04,0.59
Calabria,2020-04-29 17:00:00,0.31,0.0,1.27,0.05,0.61
Calabria,2020-04-30 17:00:00,0.32,0.0,1.29,0.06,0.63
Calabria,2020-05-01 17:00:00,0.3,0.0,1.27,0.03,0.59
Calabria,2020-05-02 17:00:00,0.31,0.0,1.3,0.04,0.61
Calabria,2020-05-03 17:00:00,0.31,0.0,1.32,0.05,0.63
Calabria,2020-05-04 17:00:00,0.29,0.0,1.3,0.06,0.62
Calabria,2020-05-05 17:00:00,0.3,0.0,1.32,0.06,0.63
Calabria,2020-05-06 17:00:00,0.31,0.0,1.35,0.07,0.65
Calabria,2020-05-07 17:00:00,0.31,0.0,1.37,0.07,0.66
Calabria,2020-05-08 17:00:00,0.31,0.0,1.3900000000000001,0.07,0.67
Calabria,2020-05-09 17:00:00,0.32,0.0,1.41,0.07,0.68
Calabria,2020-05-10 17:00:00,0.32,0.0,1.43,0.07,0.6900000000000001
Calabria,2020-05-11 17:00:00,0.33,0.0,1.45,0.07,0.7000000000000001
Campania,2020-03-12 17:00:00,2.4,0.39,4.09,1.48,3.0700000000000003
Campania,2020-03-13 17:00:00,2.37,0.96,3.65,1.74,2.85
Campania,2020-03-14 17:00:00,2.27,1.16,3.29,1.74,2.62
Campania,2020-03-15 17:00:00,2.17,1.2,3.0,1.73,2.47
Campania,2020-03-16 17:00:00,2.08,1.23,2.81,1.69,2.34
Campania,2020-03-17 17:00:00,2.02,1.26,2.68,1.72,2.3000000000000003
Campania,2020-03-18 17:00:00,2.02,1.33,2.63,1.68,2.22
Campania,2020-03-19 17:00:00,1.97,1.32,2.5300000000000002,1.6600000000000001,2.16
Campania,2020-03-20 17:00:00,1.85,1.24,2.38,1.56,2.0300000000000002
Campania,2020-03-21 17:00:00,1.69,1.11,2.2,1.41,1.86
Campania,2020-03-22 17:00:00,1.51,0.9500000000000001,2.0100000000000002,1.23,1.67
Campania,2020-03-23 17:00:00,1.3900000000000001,0.8200000000000001,1.87,1.1400000000000001,1.57
Campania,2020-03-24 17:00:00,1.36,0.79,1.83,1.08,1.51
Campania,2020-03-25 17:00:00,1.4000000000000001,0.87,1.8900000000000001,1.16,1.58
Campania,2020-03-26 17:00:00,1.47,0.93,1.94,1.2,1.62
Campania,2020-03-27 17:00:00,1.53,1.03,2.0100000000000002,1.27,1.68
Campania,2020-03-28 17:00:00,1.56,1.05,2.0100000000000002,1.3,1.7
Campania,2020-03-29 17:00:00,1.54,1.05,1.98,1.28,1.67
Campania,2020-03-30 17:00:00,1.49,1.01,1.92,1.24,1.62
Campania,2020-03-31 17:00:00,1.43,0.9400000000000001,1.84,1.2,1.57
Campania,2020-04-01 17:00:00,1.37,0.91,1.79,1.1300000000000001,1.5
Campania,2020-04-02 17:00:00,1.29,0.84,1.71,1.07,1.43
Campania,2020-04-03 17:00:00,1.17,0.71,1.58,0.9400000000000001,1.3
Campania,2020-04-04 17:00:00,1.0,0.52,1.4000000000000001,0.78,1.1400000000000001
Campania,2020-04-05 17:00:00,0.8200000000000001,0.34,1.23,0.58,0.9500000000000001
Campania,2020-04-06 17:00:00,0.68,0.2,1.1,0.42,0.8
Campania,2020-04-07 17:00:00,0.59,0.1,1.0,0.39,0.77
Campania,2020-04-08 17:00:00,0.55,0.07,0.97,0.32,0.71
Campania,2020-04-09 17:00:00,0.54,0.04,0.96,0.31,0.71
Campania,2020-04-10 17:00:00,0.55,0.07,1.0,0.3,0.71
Campania,2020-04-11 17:00:00,0.55,0.03,0.98,0.28,0.7000000000000001
Campania,2020-04-12 17:00:00,0.5700000000000001,0.07,1.04,0.3,0.73
Campania,2020-04-13 17:00:00,0.58,0.03,1.02,0.28,0.72
Campania,2020-04-14 17:00:00,0.56,0.02,1.01,0.28,0.72
Campania,2020-04-15 17:00:00,0.56,0.04,1.03,0.31,0.75
Campania,2020-04-16 17:00:00,0.51,0.02,0.99,0.24,0.68
Campania,2020-04-17 17:00:00,0.48,0.0,0.96,0.2,0.64
Campania,2020-04-18 17:00:00,0.46,0.0,0.97,0.2,0.64
Campania,2020-04-19 17:00:00,0.47000000000000003,0.0,0.98,0.18,0.63
Campania,2020-04-20 17:00:00,0.51,0.0,1.02,0.27,0.73
Campania,2020-04-21 17:00:00,0.58,0.02,1.09,0.29,0.77
Campania,2020-04-22 17:00:00,0.59,0.03,1.11,0.27,0.76
Campania,2020-04-23 17:00:00,0.5700000000000001,0.0,1.08,0.25,0.74
Campania,2020-04-24 17:00:00,0.49,0.0,1.04,0.18,0.66
Campania,2020-04-25 17:00:00,0.4,0.0,0.99,0.13,0.59
Campania,2020-04-26 17:00:00,0.34,0.0,0.97,0.07,0.52
Campania,2020-04-27 17:00:00,0.32,0.0,0.96,0.08,0.52
Campania,2020-04-28 17:00:00,0.32,0.0,0.97,0.09,0.53
Campania,2020-04-29 17:00:00,0.31,0.0,0.98,0.1,0.54
Campania,2020-04-30 17:00:00,0.33,0.0,1.01,0.07,0.53
Campania,2020-05-01 17:00:00,0.32,0.0,1.01,0.11,0.56
Campania,2020-05-02 17:00:00,0.33,0.0,1.03,0.11,0.5700000000000001
Campania,2020-05-03 17:00:00,0.33,0.0,1.05,0.1,0.5700000000000001
Campania,2020-05-04 17:00:00,0.37,0.0,1.09,0.13,0.62
Campania,2020-05-05 17:00:00,0.37,0.0,1.1,0.1,0.6
Campania,2020-05-06 17:00:00,0.37,0.0,1.11,0.15,0.65
Campania,2020-05-07 17:00:00,0.36,0.0,1.12,0.09,0.6
Campania,2020-05-08 17:00:00,0.39,0.0,1.1500000000000001,0.09,0.62
Campania,2020-05-09 17:00:00,0.42,0.0,1.19,0.16,0.7000000000000001
Campania,2020-05-10 17:00:00,0.41000000000000003,0.0,1.19,0.16,0.7000000000000001
Campania,2020-05-11 17:00:00,0.44,0.0,1.22,0.13,0.6900000000000001
Emilia-Romagna,2020-02-26 18:00:00,2.32,0.42,4.0,1.44,2.98
Emilia-Romagna,2020-02-27 18:00:00,2.38,1.01,3.62,1.74,2.82
Emilia-Romagna,2020-02-28 18:00:00,2.31,1.21,3.27,1.79,2.64
Emilia-Romagna,2020-02-29 17:00:00,2.25,1.32,3.0500000000000003,1.83,2.54
Emilia-Romagna,2020-03-01 17:00:00,2.17,1.36,2.87,1.8,2.42
Emilia-Romagna,2020-03-02 18:00:00,2.18,1.45,2.8000000000000003,1.82,2.38
Emilia-Romagna,2020-03-03 18:00:00,2.2,1.57,2.79,1.87,2.38
Emilia-Romagna,2020-03-04 17:00:00,2.19,1.58,2.71,1.94,2.4
Emilia-Romagna,2020-03-05 17:00:00,2.14,1.57,2.62,1.8900000000000001,2.32
Emilia-Romagna,2020-03-06 17:00:00,2.0300000000000002,1.49,2.48,1.76,2.17
Emilia-Romagna,2020-03-07 18:00:00,1.8800000000000001,1.3800000000000001,2.32,1.6400000000000001,2.0300000000000002
Emilia-Romagna,2020-03-08 18:00:00,1.76,1.27,2.18,1.51,1.8900000000000001
Emilia-Romagna,2020-03-09 18:00:00,1.68,1.23,2.11,1.44,1.81
Emilia-Romagna,2020-03-10 18:00:00,1.67,1.21,2.07,1.43,1.79
Emilia-Romagna,2020-03-11 17:00:00,1.72,1.27,2.11,1.49,1.84
Emilia-Romagna,2020-03-12 17:00:00,1.84,1.4000000000000001,2.21,1.6600000000000001,1.99
Emilia-Romagna,2020-03-13 17:00:00,1.94,1.53,2.3000000000000003,1.73,2.05
Emilia-Romagna,2020-03-14 17:00:00,1.97,1.56,2.3000000000000003,1.81,2.11
Emilia-Romagna,2020-03-15 17:00:00,1.94,1.57,2.27,1.76,2.05
Emilia-Romagna,2020-03-16 17:00:00,1.8900000000000001,1.54,2.21,1.71,1.99
Emilia-Romagna,2020-03-17 17:00:00,1.86,1.51,2.16,1.69,1.96
Emilia-Romagna,2020-03-18 17:00:00,1.85,1.53,2.15,1.68,1.94
Emilia-Romagna,2020-03-19 17:00:00,1.82,1.49,2.09,1.6500000000000001,1.9000000000000001
Emilia-Romagna,2020-03-20 17:00:00,1.75,1.43,2.0100000000000002,1.59,1.83
Emilia-Romagna,2020-03-21 17:00:00,1.6300000000000001,1.34,1.9000000000000001,1.5,1.73
Emilia-Romagna,2020-03-22 17:00:00,1.48,1.19,1.74,1.33,1.56
Emilia-Romagna,2020-03-23 17:00:00,1.31,1.01,1.56,1.1500000000000001,1.3800000000000001
Emilia-Romagna,2020-03-24 17:00:00,1.16,0.85,1.4000000000000001,1.0,1.23
Emilia-Romagna,2020-03-25 17:00:00,1.03,0.73,1.28,0.87,1.1
Emilia-Romagna,2020-03-26 17:00:00,0.9400000000000001,0.65,1.2,0.79,1.02
Emilia-Romagna,2020-03-27 17:00:00,0.86,0.55,1.11,0.72,0.9500000000000001
Emilia-Romagna,2020-03-28 17:00:00,0.77,0.45,1.02,0.6,0.84
Emilia-Romagna,2020-03-29 17:00:00,0.68,0.36,0.9400000000000001,0.52,0.76
Emilia-Romagna,2020-03-30 17:00:00,0.64,0.32,0.91,0.51,0.75
Emilia-Romagna,2020-03-31 17:00:00,0.68,0.35000000000000003,0.9500000000000001,0.51,0.76
Emilia-Romagna,2020-04-01 17:00:00,0.75,0.45,1.05,0.6,0.85
Emilia-Romagna,2020-04-02 17:00:00,0.8200000000000001,0.48,1.09,0.67,0.92
Emilia-Romagna,2020-04-03 17:00:00,0.8200000000000001,0.5,1.11,0.68,0.93
Emilia-Romagna,2020-04-04 17:00:00,0.77,0.42,1.04,0.58,0.84
Emilia-Romagna,2020-04-05 17:00:00,0.66,0.31,0.9400000000000001,0.49,0.75
Emilia-Romagna,2020-04-06 17:00:00,0.58,0.23,0.87,0.39,0.66
Emilia-Romagna,2020-04-07 17:00:00,0.56,0.23,0.88,0.4,0.67
Emilia-Romagna,2020-04-08 17:00:00,0.65,0.28,0.9500000000000001,0.46,0.74
Emilia-Romagna,2020-04-09 17:00:00,0.78,0.43,1.1,0.6,0.88
Emilia-Romagna,2020-04-10 17:00:00,0.89,0.53,1.2,0.7000000000000001,0.98
Emilia-Romagna,2020-04-11 17:00:00,0.9,0.54,1.21,0.72,1.0
Emilia-Romagna,2020-04-12 17:00:00,0.84,0.48,1.1500000000000001,0.65,0.93
Emilia-Romagna,2020-04-13 17:00:00,0.75,0.38,1.06,0.58,0.86
Emilia-Romagna,2020-04-14 17:00:00,0.72,0.35000000000000003,1.04,0.52,0.81
Emilia-Romagna,2020-04-15 17:00:00,0.75,0.37,1.07,0.56,0.85
Emilia-Romagna,2020-04-16 17:00:00,0.8200000000000001,0.42,1.1300000000000001,0.64,0.93
Emilia-Romagna,2020-04-17 17:00:00,0.86,0.48,1.19,0.6900000000000001,0.98
Emilia-Romagna,2020-04-18 17:00:00,0.86,0.47000000000000003,1.18,0.6900000000000001,0.98
Emilia-Romagna,2020-04-19 17:00:00,0.8200000000000001,0.42,1.1400000000000001,0.61,0.91
Emilia-Romagna,2020-04-20 17:00:00,0.76,0.38,1.1,0.5700000000000001,0.87
Emilia-Romagna,2020-04-21 17:00:00,0.73,0.34,1.07,0.56,0.86
Emilia-Romagna,2020-04-22 17:00:00,0.71,0.32,1.06,0.51,0.8200000000000001
Emilia-Romagna,2020-04-23 17:00:00,0.71,0.32,1.07,0.52,0.8300000000000001
Emilia-Romagna,2020-04-24 17:00:00,0.6900000000000001,0.3,1.06,0.48,0.8
Emilia-Romagna,2020-04-25 17:00:00,0.6900000000000001,0.3,1.07,0.5,0.8200000000000001
Emilia-Romagna,2020-04-26 17:00:00,0.72,0.32,1.1,0.55,0.87
Emilia-Romagna,2020-04-27 17:00:00,0.78,0.35000000000000003,1.1400000000000001,0.56,0.89
Emilia-Romagna,2020-04-28 17:00:00,0.8300000000000001,0.42,1.21,0.62,0.9500000000000001
Emilia-Romagna,2020-04-29 17:00:00,0.85,0.41000000000000003,1.21,0.64,0.97
Emilia-Romagna,2020-04-30 17:00:00,0.8200000000000001,0.39,1.19,0.61,0.9400000000000001
Emilia-Romagna,2020-05-01 17:00:00,0.74,0.3,1.11,0.56,0.89
Emilia-Romagna,2020-05-02 17:00:00,0.63,0.18,1.0,0.42,0.76
Emilia-Romagna,2020-05-03 17:00:00,0.52,0.07,0.88,0.34,0.68
Emilia-Romagna,2020-05-04 17:00:00,0.41000000000000003,0.01,0.77,0.2,0.54
Emilia-Romagna,2020-05-05 17:00:00,0.32,0.0,0.72,0.11,0.44
Emilia-Romagna,2020-05-06 17:00:00,0.29,0.0,0.71,0.08,0.41000000000000003
Emilia-Romagna,2020-05-07 17:00:00,0.32,0.0,0.74,0.11,0.45
Emilia-Romagna,2020-05-08 17:00:00,0.36,0.0,0.79,0.13,0.49
Emilia-Romagna,2020-05-09 17:00:00,0.42,0.0,0.84,0.18,0.56
Emilia-Romagna,2020-05-10 17:00:00,0.46,0.02,0.89,0.22,0.61
Emilia-Romagna,2020-05-11 17:00:00,0.48,0.0,0.9,0.24,0.64
Friuli Venezia Giulia,2020-03-11 17:00:00,2.36,0.39,4.03,1.51,3.0700000000000003
Friuli Venezia Giulia,2020-03-12 17:00:00,2.33,0.9,3.56,1.67,2.77
Friuli Venezia Giulia,2020-03-13 17:00:00,2.12,1.02,3.14,1.6500000000000001,2.52
Friuli Venezia Giulia,2020-03-14 17:00:00,1.86,0.92,2.74,1.43,2.18
Friuli Venezia Giulia,2020-03-15 17:00:00,1.6400000000000001,0.78,2.42,1.22,1.9000000000000001
Friuli Venezia Giulia,2020-03-16 17:00:00,1.56,0.75,2.27,1.25,1.87
Friuli Venezia Giulia,2020-03-17 17:00:00,1.61,0.86,2.2800000000000002,1.31,1.8900000000000001
Friuli Venezia Giulia,2020-03-18 17:00:00,1.75,1.05,2.38,1.41,1.96
Friuli Venezia Giulia,2020-03-19 17:00:00,1.84,1.17,2.42,1.5,2.02
Friuli Venezia Giulia,2020-03-20 17:00:00,1.78,1.16,2.34,1.47,1.96
Friuli Venezia Giulia,2020-03-21 17:00:00,1.6600000000000001,1.07,2.2,1.36,1.83
Friuli Venezia Giulia,2020-03-22 17:00:00,1.51,0.92,2.02,1.25,1.7
Friuli Venezia Giulia,2020-03-23 17:00:00,1.41,0.8300000000000001,1.9100000000000001,1.11,1.56
Friuli Venezia Giulia,2020-03-24 17:00:00,1.36,0.78,1.85,1.09,1.53
Friuli Venezia Giulia,2020-03-25 17:00:00,1.32,0.74,1.8,1.03,1.47
Friuli Venezia Giulia,2020-03-26 17:00:00,1.27,0.7000000000000001,1.75,1.02,1.45
Friuli Venezia Giulia,2020-03-27 17:00:00,1.16,0.62,1.6600000000000001,0.9,1.33
Friuli Venezia Giulia,2020-03-28 17:00:00,1.03,0.46,1.51,0.78,1.21
Friuli Venezia Giulia,2020-03-29 17:00:00,0.9400000000000001,0.37,1.43,0.66,1.1
Friuli Venezia Giulia,2020-03-30 17:00:00,0.92,0.35000000000000003,1.42,0.66,1.1
Friuli Venezia Giulia,2020-03-31 17:00:00,0.98,0.41000000000000003,1.49,0.6900000000000001,1.1400000000000001
Friuli Venezia Giulia,2020-04-01 17:00:00,1.07,0.51,1.59,0.78,1.23
Friuli Venezia Giulia,2020-04-02 17:00:00,1.12,0.53,1.61,0.88,1.32
Friuli Venezia Giulia,2020-04-03 17:00:00,1.08,0.51,1.58,0.8200000000000001,1.26
Friuli Venezia Giulia,2020-04-04 17:00:00,0.99,0.42,1.49,0.73,1.17
Friuli Venezia Giulia,2020-04-05 17:00:00,0.89,0.33,1.4000000000000001,0.64,1.08
Friuli Venezia Giulia,2020-04-06 17:00:00,0.81,0.23,1.31,0.53,0.98
Friuli Venezia Giulia,2020-04-07 17:00:00,0.78,0.19,1.28,0.48,0.9400000000000001
Friuli Venezia Giulia,2020-04-08 17:00:00,0.76,0.16,1.26,0.5,0.96
Friuli Venezia Giulia,2020-04-09 17:00:00,0.74,0.13,1.24,0.45,0.92
Friuli Venezia Giulia,2020-04-10 17:00:00,0.72,0.13,1.24,0.41000000000000003,0.89
Friuli Venezia Giulia,2020-04-11 17:00:00,0.66,0.05,1.1500000000000001,0.37,0.85
Friuli Venezia Giulia,2020-04-12 17:00:00,0.64,0.04,1.1400000000000001,0.32,0.81
Friuli Venezia Giulia,2020-04-13 17:00:00,0.64,0.04,1.1500000000000001,0.36,0.85
Friuli Venezia Giulia,2020-04-14 17:00:00,0.68,0.08,1.22,0.41000000000000003,0.91
Friuli Venezia Giulia,2020-04-15 17:00:00,0.74,0.11,1.29,0.46,0.97
Friuli Venezia Giulia,2020-04-16 17:00:00,0.8,0.15,1.36,0.47000000000000003,0.99
Friuli Venezia Giulia,2020-04-17 17:00:00,0.8,0.12,1.34,0.49,1.01
Friuli Venezia Giulia,2020-04-18 17:00:00,0.74,0.11,1.3,0.42,0.9400000000000001
Friuli Venezia Giulia,2020-04-19 17:00:00,0.63,0.0,1.1400000000000001,0.33,0.84
Friuli Venezia Giulia,2020-04-20 17:00:00,0.53,0.0,1.08,0.22,0.72
Friuli Venezia Giulia,2020-04-21 17:00:00,0.48,0.0,1.07,0.14,0.64
Friuli Venezia Giulia,2020-04-22 17:00:00,0.48,0.0,1.09,0.21,0.71
Friuli Venezia Giulia,2020-04-23 17:00:00,0.53,0.0,1.1300000000000001,0.22,0.74
Friuli Venezia Giulia,2020-04-24 17:00:00,0.5700000000000001,0.0,1.17,0.22,0.76
Friuli Venezia Giulia,2020-04-25 17:00:00,0.61,0.01,1.21,0.27,0.8200000000000001
Friuli Venezia Giulia,2020-04-26 17:00:00,0.65,0.02,1.25,0.31,0.87
Friuli Venezia Giulia,2020-04-27 17:00:00,0.65,0.0,1.24,0.26,0.8300000000000001
Friuli Venezia Giulia,2020-04-28 17:00:00,0.61,0.0,1.22,0.27,0.8300000000000001
Friuli Venezia Giulia,2020-04-29 17:00:00,0.53,0.0,1.18,0.17,0.72
Friuli Venezia Giulia,2020-04-30 17:00:00,0.44,0.0,1.1300000000000001,0.11,0.64
Friuli Venezia Giulia,2020-05-01 17:00:00,0.38,0.0,1.12,0.08,0.6
Friuli Venezia Giulia,2020-05-02 17:00:00,0.34,0.0,1.1,0.1,0.6
Friuli Venezia Giulia,2020-05-03 17:00:00,0.31,0.0,1.08,0.06,0.55
Friuli Venezia Giulia,2020-05-04 17:00:00,0.31,0.0,1.09,0.06,0.55
Friuli Venezia Giulia,2020-05-05 17:00:00,0.3,0.0,1.1,0.06,0.55
Friuli Venezia Giulia,2020-05-06 17:00:00,0.32,0.0,1.1300000000000001,0.06,0.5700000000000001
Friuli Venezia Giulia,2020-05-07 17:00:00,0.31,0.0,1.1400000000000001,0.05,0.56
Friuli Venezia Giulia,2020-05-08 17:00:00,0.33,0.0,1.17,0.08,0.6
Friuli Venezia Giulia,2020-05-09 17:00:00,0.34,0.0,1.2,0.07,0.61
Friuli Venezia Giulia,2020-05-10 17:00:00,0.33,0.0,1.19,0.09,0.62
Friuli Venezia Giulia,2020-05-11 17:00:00,0.34,0.0,1.22,0.07,0.62
Lazio,2020-03-11 17:00:00,3.0700000000000003,1.11,4.76,2.22,3.73
Lazio,2020-03-12 17:00:00,2.96,1.6300000000000001,4.08,2.35,3.36
Lazio,2020-03-13 17:00:00,2.75,1.76,3.65,2.29,3.0700000000000003
Lazio,2020-03-14 17:00:00,2.5,1.67,3.25,2.12,2.77
Lazio,2020-03-15 17:00:00,2.2600000000000002,1.52,2.91,1.94,2.5100000000000002
Lazio,2020-03-16 17:00:00,2.12,1.44,2.7,1.8,2.32
Lazio,2020-03-17 17:00:00,2.0300000000000002,1.44,2.6,1.74,2.22
Lazio,2020-03-18 17:00:00,2.0,1.42,2.5100000000000002,1.73,2.18
Lazio,2020-03-19 17:00:00,2.0100000000000002,1.45,2.48,1.79,2.21
Lazio,2020-03-20 17:00:00,1.96,1.43,2.41,1.73,2.13
Lazio,2020-03-21 17:00:00,1.87,1.3900000000000001,2.32,1.61,2.0
Lazio,2020-03-22 17:00:00,1.73,1.26,2.16,1.52,1.8900000000000001
Lazio,2020-03-23 17:00:00,1.59,1.12,2.0,1.3900000000000001,1.75
Lazio,2020-03-24 17:00:00,1.47,1.0,1.87,1.24,1.6
Lazio,2020-03-25 17:00:00,1.3900000000000001,0.93,1.79,1.1500000000000001,1.51
Lazio,2020-03-26 17:00:00,1.34,0.89,1.74,1.1300000000000001,1.48
Lazio,2020-03-27 17:00:00,1.29,0.8200000000000001,1.67,1.07,1.42
Lazio,2020-03-28 17:00:00,1.23,0.78,1.62,1.0,1.35
Lazio,2020-03-29 17:00:00,1.16,0.71,1.55,0.93,1.28
Lazio,2020-03-30 17:00:00,1.08,0.63,1.47,0.85,1.2
Lazio,2020-03-31 17:00:00,1.0,0.56,1.4000000000000001,0.77,1.12
Lazio,2020-04-01 17:00:00,0.92,0.47000000000000003,1.32,0.71,1.06
Lazio,2020-04-02 17:00:00,0.85,0.4,1.26,0.61,0.97
Lazio,2020-04-03 17:00:00,0.81,0.35000000000000003,1.22,0.59,0.9500000000000001
Lazio,2020-04-04 17:00:00,0.77,0.32,1.2,0.52,0.89
Lazio,2020-04-05 17:00:00,0.75,0.26,1.16,0.52,0.89
Lazio,2020-04-06 17:00:00,0.74,0.25,1.16,0.49,0.87
Lazio,2020-04-07 17:00:00,0.77,0.28,1.2,0.54,0.92
Lazio,2020-04-08 17:00:00,0.8300000000000001,0.33,1.26,0.62,1.0
Lazio,2020-04-09 17:00:00,0.88,0.39,1.32,0.68,1.06
Lazio,2020-04-10 17:00:00,0.9,0.42,1.35,0.71,1.09
Lazio,2020-04-11 17:00:00,0.91,0.42,1.35,0.72,1.1
Lazio,2020-04-12 17:00:00,0.9,0.42,1.35,0.64,1.03
Lazio,2020-04-13 17:00:00,0.9,0.39,1.33,0.64,1.03
Lazio,2020-04-14 17:00:00,0.92,0.41000000000000003,1.35,0.67,1.06
Lazio,2020-04-15 17:00:00,0.9500000000000001,0.45,1.3900000000000001,0.7000000000000001,1.09
Lazio,2020-04-16 17:00:00,0.9400000000000001,0.44,1.3800000000000001,0.6900000000000001,1.08
Lazio,2020-04-17 17:00:00,0.88,0.39,1.33,0.64,1.03
Lazio,2020-04-18 17:00:00,0.79,0.28,1.23,0.5700000000000001,0.96
Lazio,2020-04-19 17:00:00,0.67,0.16,1.11,0.42,0.8200000000000001
Lazio,2020-04-20 17:00:00,0.5700000000000001,0.07,1.0,0.35000000000000003,0.75
Lazio,2020-04-21 17:00:00,0.54,0.04,0.97,0.29,0.7000000000000001
Lazio,2020-04-22 17:00:00,0.5700000000000001,0.05,1.01,0.32,0.74
Lazio,2020-04-23 17:00:00,0.64,0.08,1.09,0.35000000000000003,0.79
Lazio,2020-04-24 17:00:00,0.71,0.13,1.18,0.47000000000000003,0.91
Lazio,2020-04-25 17:00:00,0.78,0.19,1.26,0.49,0.9400000000000001
Lazio,2020-04-26 17:00:00,0.8,0.2,1.28,0.51,0.96
Lazio,2020-04-27 17:00:00,0.8,0.21,1.29,0.52,0.97
Lazio,2020-04-28 17:00:00,0.8,0.22,1.3,0.53,0.98
Lazio,2020-04-29 17:00:00,0.77,0.19,1.27,0.51,0.96
Lazio,2020-04-30 17:00:00,0.76,0.15,1.24,0.46,0.92
Lazio,2020-05-01 17:00:00,0.73,0.12,1.21,0.45,0.91
Lazio,2020-05-02 17:00:00,0.72,0.13,1.22,0.41000000000000003,0.88
Lazio,2020-05-03 17:00:00,0.71,0.09,1.19,0.42,0.89
Lazio,2020-05-04 17:00:00,0.73,0.14,1.25,0.42,0.9
Lazio,2020-05-05 17:00:00,0.73,0.13,1.25,0.44,0.92
Lazio,2020-05-06 17:00:00,0.73,0.11,1.24,0.41000000000000003,0.9
Lazio,2020-05-07 17:00:00,0.71,0.09,1.22,0.4,0.89
Lazio,2020-05-08 17:00:00,0.67,0.04,1.16,0.37,0.86
Lazio,2020-05-09 17:00:00,0.6,0.0,1.09,0.29,0.78
Lazio,2020-05-10 17:00:00,0.55,0.0,1.07,0.22,0.71
Lazio,2020-05-11 17:00:00,0.5,0.0,1.04,0.2,0.68
Liguria,2020-03-09 18:00:00,3.15,1.04,4.93,2.2800000000000002,3.89
Liguria,2020-03-10 18:00:00,2.95,1.59,4.21,2.32,3.4
Liguria,2020-03-11 17:00:00,2.84,1.76,3.7800000000000002,2.36,3.19
Liguria,2020-03-12 17:00:00,2.7,1.84,3.5,2.27,2.96
Liguria,2020-03-13 17:00:00,2.54,1.8,3.23,2.19,2.7800000000000002
Liguria,2020-03-14 17:00:00,2.32,1.6400000000000001,2.92,1.99,2.52
Liguria,2020-03-15 17:00:00,2.16,1.55,2.72,1.9000000000000001,2.38
Liguria,2020-03-16 17:00:00,2.0100000000000002,1.42,2.52,1.76,2.21
Liguria,2020-03-17 17:00:00,1.92,1.37,2.41,1.6600000000000001,2.09
Liguria,2020-03-18 17:00:00,1.8900000000000001,1.35,2.35,1.6500000000000001,2.06
Liguria,2020-03-19 17:00:00,1.9000000000000001,1.41,2.36,1.68,2.07
Liguria,2020-03-20 17:00:00,1.8900000000000001,1.43,2.34,1.6500000000000001,2.0300000000000002
Liguria,2020-03-21 17:00:00,1.83,1.36,2.24,1.6300000000000001,1.99
Liguria,2020-03-22 17:00:00,1.72,1.27,2.12,1.51,1.86
Liguria,2020-03-23 17:00:00,1.56,1.1300000000000001,1.96,1.3800000000000001,1.72
Liguria,2020-03-24 17:00:00,1.3900000000000001,0.96,1.78,1.18,1.52
Liguria,2020-03-25 17:00:00,1.22,0.79,1.61,1.01,1.35
Liguria,2020-03-26 17:00:00,1.08,0.63,1.46,0.88,1.22
Liguria,2020-03-27 17:00:00,0.99,0.5700000000000001,1.4000000000000001,0.75,1.1
Liguria,2020-03-28 17:00:00,0.9500000000000001,0.52,1.36,0.73,1.08
Liguria,2020-03-29 17:00:00,0.97,0.51,1.36,0.75,1.1
Liguria,2020-03-30 17:00:00,1.0,0.56,1.41,0.8,1.1500000000000001
Liguria,2020-03-31 17:00:00,1.02,0.58,1.43,0.8200000000000001,1.17
Liguria,2020-04-01 17:00:00,1.03,0.58,1.43,0.8300000000000001,1.18
Liguria,2020-04-02 17:00:00,1.03,0.58,1.43,0.8200000000000001,1.17
Liguria,2020-04-03 17:00:00,1.03,0.5700000000000001,1.42,0.8200000000000001,1.17
Liguria,2020-04-04 17:00:00,1.03,0.56,1.41,0.81,1.16
Liguria,2020-04-05 17:00:00,0.97,0.51,1.36,0.76,1.11
Liguria,2020-04-06 17:00:00,0.89,0.45,1.3,0.6900000000000001,1.04
Liguria,2020-04-07 17:00:00,0.8200000000000001,0.37,1.23,0.58,0.9400000000000001
Liguria,2020-04-08 17:00:00,0.78,0.33,1.2,0.5700000000000001,0.93
Liguria,2020-04-09 17:00:00,0.78,0.29,1.18,0.54,0.91
Liguria,2020-04-10 17:00:00,0.8,0.31,1.21,0.5700000000000001,0.9400000000000001
Liguria,2020-04-11 17:00:00,0.81,0.34,1.24,0.6,0.97
Liguria,2020-04-12 17:00:00,0.8300000000000001,0.34,1.25,0.58,0.96
Liguria,2020-04-13 17:00:00,0.85,0.38,1.29,0.6,0.98
Liguria,2020-04-14 17:00:00,0.86,0.36,1.28,0.62,1.0
Liguria,2020-04-15 17:00:00,0.87,0.38,1.3,0.64,1.02
Liguria,2020-04-16 17:00:00,0.89,0.38,1.31,0.66,1.04
Liguria,2020-04-17 17:00:00,0.93,0.43,1.36,0.71,1.09
Liguria,2020-04-18 17:00:00,0.98,0.51,1.43,0.75,1.1300000000000001
Liguria,2020-04-19 17:00:00,1.01,0.52,1.44,0.77,1.1500000000000001
Liguria,2020-04-20 17:00:00,0.98,0.49,1.41,0.74,1.12
Liguria,2020-04-21 17:00:00,0.93,0.44,1.36,0.7000000000000001,1.08
Liguria,2020-04-22 17:00:00,0.91,0.44,1.36,0.6900000000000001,1.07
Liguria,2020-04-23 17:00:00,0.92,0.42,1.35,0.7000000000000001,1.08
Liguria,2020-04-24 17:00:00,0.97,0.48,1.41,0.76,1.1400000000000001
Liguria,2020-04-25 17:00:00,1.01,0.51,1.44,0.8,1.18
Liguria,2020-04-26 17:00:00,1.03,0.52,1.45,0.81,1.19
Liguria,2020-04-27 17:00:00,0.99,0.51,1.43,0.76,1.1400000000000001
Liguria,2020-04-28 17:00:00,0.9400000000000001,0.43,1.36,0.71,1.09
Liguria,2020-04-29 17:00:00,0.88,0.39,1.32,0.68,1.06
Liguria,2020-04-30 17:00:00,0.85,0.35000000000000003,1.29,0.6,0.99
Liguria,2020-05-01 17:00:00,0.8,0.29,1.24,0.5700000000000001,0.96
Liguria,2020-05-02 17:00:00,0.72,0.19,1.1500000000000001,0.46,0.86
Liguria,2020-05-03 17:00:00,0.6,0.09,1.03,0.37,0.77
Liguria,2020-05-04 17:00:00,0.5,0.02,0.92,0.27,0.67
Liguria,2020-05-05 17:00:00,0.45,0.01,0.89,0.21,0.61
Liguria,2020-05-06 17:00:00,0.46,0.0,0.91,0.22,0.63
Liguria,2020-05-07 17:00:00,0.47000000000000003,0.0,0.93,0.21,0.63
Liguria,2020-05-08 17:00:00,0.45,0.0,0.93,0.21,0.63
Liguria,2020-05-09 17:00:00,0.38,0.0,0.89,0.14,0.55
Liguria,2020-05-10 17:00:00,0.35000000000000003,0.0,0.89,0.1,0.51
Liguria,2020-05-11 17:00:00,0.34,0.0,0.89,0.1,0.51
Lombardia,2020-02-25 18:00:00,1.82,0.47000000000000003,2.96,1.22,2.2600000000000002
Lombardia,2020-02-26 18:00:00,2.06,1.12,2.87,1.6300000000000001,2.35
Lombardia,2020-02-27 18:00:00,2.24,1.5,2.88,1.8900000000000001,2.46
Lombardia,2020-02-28 18:00:00,2.38,1.75,2.91,2.08,2.56
Lombardia,2020-02-29 17:00:00,2.46,1.92,2.93,2.19,2.61
Lombardia,2020-03-01 17:00:00,2.43,1.97,2.87,2.22,2.59
Lombardia,2020-03-02 18:00:00,2.33,1.8800000000000001,2.71,2.13,2.47
Lombardia,2020-03-03 18:00:00,2.22,1.82,2.59,2.02,2.34
Lombardia,2020-03-04 17:00:00,2.2,1.81,2.54,2.02,2.32
Lombardia,2020-03-05 17:00:00,2.2600000000000002,1.8900000000000001,2.58,2.06,2.35
Lombardia,2020-03-06 17:00:00,2.34,2.0100000000000002,2.65,2.16,2.43
Lombardia,2020-03-07 18:00:00,2.34,2.0300000000000002,2.63,2.18,2.43
Lombardia,2020-03-08 18:00:00,2.25,1.93,2.5,2.08,2.32
Lombardia,2020-03-09 18:00:00,2.1,1.8,2.34,1.96,2.18
Lombardia,2020-03-10 18:00:00,1.97,1.71,2.22,1.85,2.06
Lombardia,2020-03-11 17:00:00,1.8900000000000001,1.6300000000000001,2.12,1.74,1.95
Lombardia,2020-03-12 17:00:00,1.8,1.54,2.02,1.67,1.87
Lombardia,2020-03-13 17:00:00,1.68,1.43,1.8900000000000001,1.56,1.75
Lombardia,2020-03-14 17:00:00,1.53,1.28,1.73,1.4000000000000001,1.59
Lombardia,2020-03-15 17:00:00,1.3900000000000001,1.16,1.6,1.3,1.48
Lombardia,2020-03-16 17:00:00,1.33,1.09,1.53,1.22,1.4000000000000001
Lombardia,2020-03-17 17:00:00,1.3900000000000001,1.16,1.59,1.27,1.45
Lombardia,2020-03-18 17:00:00,1.52,1.28,1.7,1.3800000000000001,1.56
Lombardia,2020-03-19 17:00:00,1.58,1.34,1.75,1.46,1.6300000000000001
Lombardia,2020-03-20 17:00:00,1.47,1.25,1.6500000000000001,1.35,1.52
Lombardia,2020-03-21 17:00:00,1.23,1.02,1.41,1.1300000000000001,1.29
Lombardia,2020-03-22 17:00:00,0.96,0.76,1.1500000000000001,0.87,1.03
Lombardia,2020-03-23 17:00:00,0.8200000000000001,0.6,1.0,0.6900000000000001,0.86
Lombardia,2020-03-24 17:00:00,0.86,0.62,1.03,0.74,0.91
Lombardia,2020-03-25 17:00:00,0.99,0.76,1.17,0.87,1.04
Lombardia,2020-03-26 17:00:00,1.05,0.84,1.24,0.93,1.1
Lombardia,2020-03-27 17:00:00,0.9400000000000001,0.73,1.1300000000000001,0.8300000000000001,1.0
Lombardia,2020-03-28 17:00:00,0.71,0.48,0.89,0.59,0.76
Lombardia,2020-03-29 17:00:00,0.47000000000000003,0.24,0.66,0.34,0.52
Lombardia,2020-03-30 17:00:00,0.35000000000000003,0.11,0.55,0.24,0.42
Lombardia,2020-03-31 17:00:00,0.42,0.16,0.62,0.29,0.48
Lombardia,2020-04-01 17:00:00,0.63,0.38,0.84,0.51,0.7000000000000001
Lombardia,2020-04-02 17:00:00,0.8200000000000001,0.58,1.04,0.71,0.9
Lombardia,2020-04-03 17:00:00,0.91,0.66,1.12,0.79,0.98
Lombardia,2020-04-04 17:00:00,0.86,0.62,1.08,0.75,0.9400000000000001
Lombardia,2020-04-05 17:00:00,0.74,0.49,0.96,0.6,0.8
Lombardia,2020-04-06 17:00:00,0.68,0.41000000000000003,0.89,0.54,0.74
Lombardia,2020-04-07 17:00:00,0.73,0.46,0.9500000000000001,0.61,0.81
Lombardia,2020-04-08 17:00:00,0.91,0.64,1.1300000000000001,0.79,0.99
Lombardia,2020-04-09 17:00:00,1.12,0.87,1.35,0.99,1.19
Lombardia,2020-04-10 17:00:00,1.22,0.9500000000000001,1.43,1.08,1.28
Lombardia,2020-04-11 17:00:00,1.16,0.9,1.37,1.02,1.22
Lombardia,2020-04-12 17:00:00,0.99,0.73,1.2,0.85,1.05
Lombardia,2020-04-13 17:00:00,0.78,0.51,0.99,0.64,0.84
Lombardia,2020-04-14 17:00:00,0.63,0.36,0.85,0.51,0.71
Lombardia,2020-04-15 17:00:00,0.6,0.32,0.8200000000000001,0.45,0.66
Lombardia,2020-04-16 17:00:00,0.67,0.39,0.9,0.54,0.75
Lombardia,2020-04-17 17:00:00,0.78,0.51,1.02,0.65,0.86
Lombardia,2020-04-18 17:00:00,0.84,0.55,1.07,0.73,0.9400000000000001
Lombardia,2020-04-19 17:00:00,0.87,0.58,1.1,0.76,0.97
Lombardia,2020-04-20 17:00:00,0.91,0.63,1.1500000000000001,0.76,0.98
Lombardia,2020-04-21 17:00:00,0.99,0.7000000000000001,1.22,0.8300000000000001,1.05
Lombardia,2020-04-22 17:00:00,1.04,0.75,1.27,0.92,1.1300000000000001
Lombardia,2020-04-23 17:00:00,0.99,0.73,1.24,0.87,1.08
Lombardia,2020-04-24 17:00:00,0.87,0.59,1.11,0.72,0.9400000000000001
Lombardia,2020-04-25 17:00:00,0.74,0.44,0.97,0.59,0.81
Lombardia,2020-04-26 17:00:00,0.65,0.35000000000000003,0.89,0.52,0.74
Lombardia,2020-04-27 17:00:00,0.63,0.33,0.88,0.48,0.71
Lombardia,2020-04-28 17:00:00,0.65,0.35000000000000003,0.91,0.51,0.74
Lombardia,2020-04-29 17:00:00,0.66,0.35000000000000003,0.92,0.49,0.73
Lombardia,2020-04-30 17:00:00,0.65,0.36,0.93,0.49,0.73
Lombardia,2020-05-01 17:00:00,0.63,0.33,0.91,0.48,0.72
Lombardia,2020-05-02 17:00:00,0.63,0.33,0.92,0.46,0.71
Lombardia,2020-05-03 17:00:00,0.6900000000000001,0.37,0.97,0.53,0.78
Lombardia,2020-05-04 17:00:00,0.81,0.48,1.09,0.66,0.91
Lombardia,2020-05-05 17:00:00,0.9500000000000001,0.61,1.22,0.79,1.04
Lombardia,2020-05-06 17:00:00,1.01,0.6900000000000001,1.29,0.84,1.09
Lombardia,2020-05-07 17:00:00,0.9500000000000001,0.63,1.23,0.79,1.04
Lombardia,2020-05-08 17:00:00,0.8,0.46,1.07,0.64,0.89
Lombardia,2020-05-09 17:00:00,0.62,0.28,0.9,0.44,0.7000000000000001
Lombardia,2020-05-10 17:00:00,0.48,0.14,0.77,0.33,0.59
Lombardia,2020-05-11 17:00:00,0.42,0.06,0.7000000000000001,0.25,0.52
Marche,2020-03-05 17:00:00,2.56,0.59,4.28,1.7,3.2600000000000002
Marche,2020-03-06 17:00:00,2.31,0.9,3.54,1.68,2.77
Marche,2020-03-07 18:00:00,2.2800000000000002,1.18,3.27,1.79,2.65
Marche,2020-03-08 18:00:00,2.21,1.27,3.0300000000000002,1.82,2.54
Marche,2020-03-09 18:00:00,2.18,1.3900000000000001,2.92,1.82,2.45
Marche,2020-03-10 18:00:00,2.2,1.47,2.84,1.8900000000000001,2.45
Marche,2020-03-11 17:00:00,2.22,1.56,2.8000000000000003,1.92,2.43
Marche,2020-03-12 17:00:00,2.25,1.67,2.8000000000000003,1.95,2.42
Marche,2020-03-13 17:00:00,2.2,1.6400000000000001,2.69,1.95,2.38
Marche,2020-03-14 17:00:00,2.07,1.53,2.52,1.8,2.21
Marche,2020-03-15 17:00:00,1.8900000000000001,1.3900000000000001,2.33,1.6400000000000001,2.0300000000000002
Marche,2020-03-16 17:00:00,1.7,1.22,2.13,1.45,1.83
Marche,2020-03-17 17:00:00,1.57,1.11,2.0,1.34,1.71
Marche,2020-03-18 17:00:00,1.51,1.04,1.92,1.31,1.67
Marche,2020-03-19 17:00:00,1.48,1.0,1.87,1.25,1.61
Marche,2020-03-20 17:00:00,1.44,1.0,1.85,1.24,1.59
Marche,2020-03-21 17:00:00,1.36,0.92,1.76,1.1300000000000001,1.48
Marche,2020-03-22 17:00:00,1.23,0.78,1.62,1.0,1.35
Marche,2020-03-23 17:00:00,1.11,0.66,1.5,0.88,1.23
Marche,2020-03-24 17:00:00,1.0,0.53,1.3800000000000001,0.78,1.1300000000000001
Marche,2020-03-25 17:00:00,0.91,0.44,1.3,0.71,1.06
Marche,2020-03-26 17:00:00,0.85,0.38,1.25,0.62,0.98
Marche,2020-03-27 17:00:00,0.8300000000000001,0.35000000000000003,1.23,0.62,0.98
Marche,2020-03-28 17:00:00,0.8200000000000001,0.35000000000000003,1.24,0.59,0.96
Marche,2020-03-29 17:00:00,0.8300000000000001,0.35000000000000003,1.25,0.61,0.98
Marche,2020-03-30 17:00:00,0.84,0.34,1.25,0.63,1.0
Marche,2020-03-31 17:00:00,0.8200000000000001,0.34,1.25,0.5700000000000001,0.9500000000000001
Marche,2020-04-01 17:00:00,0.8,0.31,1.23,0.5700000000000001,0.9500000000000001
Marche,2020-04-02 17:00:00,0.8,0.3,1.23,0.59,0.97
Marche,2020-04-03 17:00:00,0.81,0.3,1.24,0.56,0.9500000000000001
Marche,2020-04-04 17:00:00,0.81,0.33,1.27,0.5700000000000001,0.96
Marche,2020-04-05 17:00:00,0.84,0.33,1.28,0.61,1.0
Marche,2020-04-06 17:00:00,0.86,0.34,1.3,0.65,1.04
Marche,2020-04-07 17:00:00,0.87,0.35000000000000003,1.31,0.6,1.0
Marche,2020-04-08 17:00:00,0.87,0.36,1.32,0.61,1.01
Marche,2020-04-09 17:00:00,0.86,0.33,1.3,0.61,1.01
Marche,2020-04-10 17:00:00,0.8300000000000001,0.31,1.28,0.59,0.99
Marche,2020-04-11 17:00:00,0.76,0.22,1.2,0.49,0.9
Marche,2020-04-12 17:00:00,0.67,0.13,1.11,0.43,0.84
Marche,2020-04-13 17:00:00,0.59,0.06,1.02,0.31,0.73
Marche,2020-04-14 17:00:00,0.54,0.04,0.98,0.27,0.6900000000000001
Marche,2020-04-15 17:00:00,0.54,0.02,0.98,0.26,0.6900000000000001
Marche,2020-04-16 17:00:00,0.58,0.06,1.05,0.3,0.74
Marche,2020-04-17 17:00:00,0.5700000000000001,0.04,1.04,0.27,0.72
Marche,2020-04-18 17:00:00,0.56,0.01,1.02,0.28,0.73
Marche,2020-04-19 17:00:00,0.53,0.02,1.01,0.24,0.6900000000000001
Marche,2020-04-20 17:00:00,0.51,0.0,0.99,0.24,0.6900000000000001
Marche,2020-04-21 17:00:00,0.51,0.01,1.01,0.2,0.66
Marche,2020-04-22 17:00:00,0.52,0.0,1.03,0.21,0.68
Marche,2020-04-23 17:00:00,0.54,0.0,1.05,0.21,0.6900000000000001
Marche,2020-04-24 17:00:00,0.5700000000000001,0.0,1.08,0.25,0.74
Marche,2020-04-25 17:00:00,0.58,0.0,1.09,0.29,0.78
Marche,2020-04-26 17:00:00,0.56,0.0,1.08,0.27,0.76
Marche,2020-04-27 17:00:00,0.53,0.0,1.07,0.23,0.72
Marche,2020-04-28 17:00:00,0.55,0.0,1.1,0.25,0.75
Marche,2020-04-29 17:00:00,0.55,0.0,1.1,0.2,0.71
Marche,2020-04-30 17:00:00,0.54,0.01,1.11,0.2,0.71
Marche,2020-05-01 17:00:00,0.52,0.0,1.11,0.2,0.71
Marche,2020-05-02 17:00:00,0.54,0.0,1.1300000000000001,0.2,0.72
Marche,2020-05-03 17:00:00,0.58,0.01,1.17,0.27,0.8
Marche,2020-05-04 17:00:00,0.63,0.0,1.2,0.26,0.81
Marche,2020-05-05 17:00:00,0.66,0.01,1.24,0.29,0.85
Marche,2020-05-06 17:00:00,0.67,0.04,1.27,0.31,0.87
Marche,2020-05-07 17:00:00,0.67,0.01,1.25,0.34,0.9
Marche,2020-05-08 17:00:00,0.64,0.02,1.24,0.28,0.84
Marche,2020-05-09 17:00:00,0.64,0.0,1.23,0.32,0.88
Marche,2020-05-10 17:00:00,0.67,0.0,1.26,0.35000000000000003,0.92
Marche,2020-05-11 17:00:00,0.66,0.0,1.26,0.27,0.85
Molise,2020-03-26 17:00:00,1.74,0.0,4.53,0.51,2.67
Molise,2020-03-27 17:00:00,1.7,0.0,3.62,0.7000000000000001,2.41
Molise,2020-03-28 17:00:00,1.22,0.0,2.86,0.31,1.67
Molise,2020-03-29 17:00:00,1.16,0.0,2.59,0.33,1.56
Molise,2020-03-30 17:00:00,1.12,0.0,2.41,0.37,1.51
Molise,2020-03-31 17:00:00,1.1,0.0,2.2800000000000002,0.43,1.5
Molise,2020-04-01 17:00:00,1.19,0.04,2.3000000000000003,0.51,1.56
Molise,2020-04-02 17:00:00,1.25,0.07,2.3000000000000003,0.65,1.6600000000000001
Molise,2020-04-03 17:00:00,1.29,0.1,2.29,0.75,1.72
Molise,2020-04-04 17:00:00,1.25,0.11,2.21,0.7000000000000001,1.6300000000000001
Molise,2020-04-05 17:00:00,1.1400000000000001,0.05,2.04,0.61,1.5
Molise,2020-04-06 17:00:00,0.92,0.0,1.8,0.37,1.21
Molise,2020-04-07 17:00:00,0.77,0.0,1.68,0.28,1.07
Molise,2020-04-08 17:00:00,0.58,0.0,1.58,0.13,0.87
Molise,2020-04-09 17:00:00,0.5700000000000001,0.0,1.59,0.17,0.91
Molise,2020-04-10 17:00:00,0.6900000000000001,0.0,1.6500000000000001,0.17,0.9500000000000001
Molise,2020-04-11 17:00:00,0.58,0.0,1.61,0.15,0.9
Molise,2020-04-12 17:00:00,0.59,0.0,1.62,0.19,0.9400000000000001
Molise,2020-04-13 17:00:00,0.47000000000000003,0.0,1.57,0.1,0.8300000000000001
Molise,2020-04-14 17:00:00,0.38,0.0,1.53,0.08,0.78
Molise,2020-04-15 17:00:00,0.39,0.0,1.55,0.15,0.85
Molise,2020-04-16 17:00:00,0.39,0.0,1.57,0.1,0.81
Molise,2020-04-17 17:00:00,0.4,0.0,1.58,0.08,0.8
Molise,2020-04-18 17:00:00,0.51,0.0,1.6500000000000001,0.12,0.88
Molise,2020-04-19 17:00:00,0.52,0.0,1.6600000000000001,0.17,0.93
Molise,2020-04-20 17:00:00,0.42,0.0,1.61,0.12,0.85
Molise,2020-04-21 17:00:00,0.42,0.0,1.62,0.09,0.8300000000000001
Molise,2020-04-22 17:00:00,0.36,0.0,1.58,0.06,0.77
Molise,2020-04-23 17:00:00,0.36,0.0,1.59,0.1,0.81
Molise,2020-04-24 17:00:00,0.37,0.0,1.61,0.07,0.79
Molise,2020-04-25 17:00:00,0.44,0.0,1.69,0.08,0.85
Molise,2020-04-26 17:00:00,0.37,0.0,1.6300000000000001,0.08,0.81
Molise,2020-04-27 17:00:00,0.37,0.0,1.6500000000000001,0.06,0.8
Molise,2020-04-28 17:00:00,0.33,0.0,1.6,0.07,0.77
Molise,2020-04-29 17:00:00,0.33,0.0,1.61,0.05,0.76
Molise,2020-04-30 17:00:00,0.34,0.0,1.6300000000000001,0.11,0.8200000000000001
Molise,2020-05-01 17:00:00,0.34,0.0,1.6500000000000001,0.07,0.79
Molise,2020-05-02 17:00:00,0.34,0.0,1.6600000000000001,0.05,0.78
Molise,2020-05-03 17:00:00,0.34,0.0,1.68,0.1,0.8300000000000001
Molise,2020-05-04 17:00:00,0.4,0.0,1.77,0.07,0.86
Molise,2020-05-05 17:00:00,0.51,0.0,1.85,0.12,0.96
Molise,2020-05-06 17:00:00,0.92,0.0,2.1,0.37,1.34
Molise,2020-05-07 17:00:00,1.25,0.09,2.37,0.67,1.7
Molise,2020-05-08 17:00:00,1.58,0.31,2.71,0.97,2.0
Molise,2020-05-09 17:00:00,1.6400000000000001,0.39,2.71,1.1300000000000001,2.1
Molise,2020-05-10 17:00:00,1.68,0.51,2.72,1.1400000000000001,2.06
Molise,2020-05-11 17:00:00,1.6300000000000001,0.51,2.61,1.12,1.99
P.A. Bolzano,2020-03-12 17:00:00,2.04,0.11,3.7,1.16,2.77
P.A. Bolzano,2020-03-13 17:00:00,1.97,0.47000000000000003,3.2800000000000002,1.35,2.5300000000000002
P.A. Bolzano,2020-03-14 17:00:00,1.83,0.62,2.94,1.3,2.2600000000000002
P.A. Bolzano,2020-03-15 17:00:00,1.85,0.8,2.8000000000000003,1.42,2.24
P.A. Bolzano,2020-03-16 17:00:00,1.92,0.98,2.74,1.52,2.24
P.A. Bolzano,2020-03-17 17:00:00,1.96,1.1400000000000001,2.71,1.56,2.21
P.A. Bolzano,2020-03-18 17:00:00,1.98,1.22,2.65,1.62,2.21
P.A. Bolzano,2020-03-19 17:00:00,1.8900000000000001,1.2,2.52,1.54,2.09
P.A. Bolzano,2020-03-20 17:00:00,1.74,1.07,2.32,1.46,1.97
P.A. Bolzano,2020-03-21 17:00:00,1.55,0.91,2.11,1.29,1.78
P.A. Bolzano,2020-03-22 17:00:00,1.37,0.76,1.93,1.11,1.59
P.A. Bolzano,2020-03-23 17:00:00,1.25,0.64,1.8,0.96,1.44
P.A. Bolzano,2020-03-24 17:00:00,1.23,0.64,1.79,0.92,1.4000000000000001
P.A. Bolzano,2020-03-25 17:00:00,1.26,0.64,1.79,0.99,1.46
P.A. Bolzano,2020-03-26 17:00:00,1.33,0.75,1.8800000000000001,1.04,1.51
P.A. Bolzano,2020-03-27 17:00:00,1.3900000000000001,0.8200000000000001,1.93,1.11,1.57
P.A. Bolzano,2020-03-28 17:00:00,1.3900000000000001,0.8300000000000001,1.92,1.12,1.57
P.A. Bolzano,2020-03-29 17:00:00,1.31,0.73,1.81,1.08,1.52
P.A. Bolzano,2020-03-30 17:00:00,1.16,0.59,1.6600000000000001,0.9,1.34
P.A. Bolzano,2020-03-31 17:00:00,1.02,0.46,1.53,0.76,1.2
P.A. Bolzano,2020-04-01 17:00:00,0.89,0.33,1.41,0.61,1.06
P.A. Bolzano,2020-04-02 17:00:00,0.84,0.25,1.35,0.54,1.0
P.A. Bolzano,2020-04-03 17:00:00,0.8300000000000001,0.21,1.33,0.58,1.04
P.A. Bolzano,2020-04-04 17:00:00,0.84,0.23,1.36,0.56,1.03
P.A. Bolzano,2020-04-05 17:00:00,0.88,0.25,1.4000000000000001,0.5700000000000001,1.05
P.A. Bolzano,2020-04-06 17:00:00,0.91,0.28,1.44,0.62,1.1
P.A. Bolzano,2020-04-07 17:00:00,0.91,0.29,1.45,0.62,1.1
P.A. Bolzano,2020-04-08 17:00:00,0.88,0.28,1.44,0.61,1.09
P.A. Bolzano,2020-04-09 17:00:00,0.86,0.23,1.4000000000000001,0.55,1.04
P.A. Bolzano,2020-04-10 17:00:00,0.88,0.24,1.42,0.58,1.07
P.A. Bolzano,2020-04-11 17:00:00,0.92,0.26,1.45,0.63,1.12
P.A. Bolzano,2020-04-12 17:00:00,0.9500000000000001,0.3,1.49,0.66,1.1500000000000001
P.A. Bolzano,2020-04-13 17:00:00,0.92,0.27,1.46,0.63,1.12
P.A. Bolzano,2020-04-14 17:00:00,0.8300000000000001,0.19,1.37,0.56,1.05
P.A. Bolzano,2020-04-15 17:00:00,0.74,0.09,1.25,0.42,0.92
P.A. Bolzano,2020-04-16 17:00:00,0.67,0.05,1.18,0.35000000000000003,0.85
P.A. Bolzano,2020-04-17 17:00:00,0.61,0.0,1.11,0.3,0.8
P.A. Bolzano,2020-04-18 17:00:00,0.5700000000000001,0.0,1.1,0.27,0.77
P.A. Bolzano,2020-04-19 17:00:00,0.49,0.0,1.06,0.21,0.7000000000000001
P.A. Bolzano,2020-04-20 17:00:00,0.4,0.0,1.03,0.1,0.58
P.A. Bolzano,2020-04-21 17:00:00,0.32,0.0,0.99,0.09,0.54
P.A. Bolzano,2020-04-22 17:00:00,0.28,0.0,0.97,0.04,0.48
P.A. Bolzano,2020-04-23 17:00:00,0.28,0.0,0.97,0.07,0.5
P.A. Bolzano,2020-04-24 17:00:00,0.29,0.0,0.99,0.07,0.51
P.A. Bolzano,2020-04-25 17:00:00,0.29,0.0,1.01,0.06,0.51
P.A. Bolzano,2020-04-26 17:00:00,0.29,0.0,1.03,0.04,0.5
P.A. Bolzano,2020-04-27 17:00:00,0.28,0.0,1.01,0.04,0.49
P.A. Bolzano,2020-04-28 17:00:00,0.26,0.0,1.0,0.02,0.46
P.A. Bolzano,2020-04-29 17:00:00,0.28,0.0,1.04,0.09,0.54
P.A. Bolzano,2020-04-30 17:00:00,0.28,0.0,1.05,0.03,0.49
P.A. Bolzano,2020-05-01 17:00:00,0.27,0.0,1.05,0.04,0.5
P.A. Bolzano,2020-05-02 17:00:00,0.27,0.0,1.06,0.03,0.49
P.A. Bolzano,2020-05-03 17:00:00,0.26,0.0,1.06,0.03,0.49
P.A. Bolzano,2020-05-04 17:00:00,0.26,0.0,1.06,0.02,0.48
P.A. Bolzano,2020-05-05 17:00:00,0.27,0.0,1.1,0.04,0.51
P.A. Bolzano,2020-05-06 17:00:00,0.28,0.0,1.1300000000000001,0.02,0.51
P.A. Bolzano,2020-05-07 17:00:00,0.31,0.0,1.19,0.05,0.5700000000000001
P.A. Bolzano,2020-05-08 17:00:00,0.32,0.0,1.22,0.09,0.62
P.A. Bolzano,2020-05-09 17:00:00,0.32,0.0,1.25,0.05,0.6
P.A. Bolzano,2020-05-10 17:00:00,0.33,0.0,1.27,0.07,0.63
P.A. Bolzano,2020-05-11 17:00:00,0.31,0.0,1.26,0.05,0.6
P.A. Trento,2020-03-12 17:00:00,3.0100000000000002,1.09,4.69,2.17,3.66
P.A. Trento,2020-03-13 17:00:00,2.7600000000000002,1.49,3.93,2.24,3.24
P.A. Trento,2020-03-14 17:00:00,2.46,1.41,3.34,2.0100000000000002,2.8000000000000003
P.A. Trento,2020-03-15 17:00:00,2.06,1.18,2.83,1.6500000000000001,2.33
P.A. Trento,2020-03-16 17:00:00,1.75,0.96,2.45,1.41,2.02
P.A. Trento,2020-03-17 17:00:00,1.6300000000000001,0.92,2.3000000000000003,1.29,1.86
P.A. Trento,2020-03-18 17:00:00,1.68,1.0,2.3000000000000003,1.34,1.8800000000000001
P.A. Trento,2020-03-19 17:00:00,1.84,1.21,2.43,1.51,2.02
P.A. Trento,2020-03-20 17:00:00,1.93,1.32,2.47,1.68,2.15
P.A. Trento,2020-03-21 17:00:00,1.86,1.28,2.37,1.58,2.0300000000000002
P.A. Trento,2020-03-22 17:00:00,1.7,1.1500000000000001,2.19,1.44,1.87
P.A. Trento,2020-03-23 17:00:00,1.49,0.93,1.95,1.23,1.6500000000000001
P.A. Trento,2020-03-24 17:00:00,1.29,0.74,1.75,1.02,1.44
P.A. Trento,2020-03-25 17:00:00,1.17,0.62,1.6300000000000001,0.89,1.31
P.A. Trento,2020-03-26 17:00:00,1.11,0.58,1.59,0.84,1.26
P.A. Trento,2020-03-27 17:00:00,1.09,0.54,1.56,0.8300000000000001,1.25
P.A. Trento,2020-03-28 17:00:00,1.06,0.52,1.54,0.81,1.23
P.A. Trento,2020-03-29 17:00:00,1.05,0.49,1.52,0.81,1.23
P.A. Trento,2020-03-30 17:00:00,1.05,0.5,1.53,0.8200000000000001,1.24
P.A. Trento,2020-03-31 17:00:00,1.08,0.53,1.56,0.85,1.27
P.A. Trento,2020-04-01 17:00:00,1.1300000000000001,0.6,1.62,0.89,1.31
P.A. Trento,2020-04-02 17:00:00,1.1300000000000001,0.58,1.6,0.87,1.29
P.A. Trento,2020-04-03 17:00:00,1.08,0.54,1.55,0.81,1.23
P.A. Trento,2020-04-04 17:00:00,1.02,0.49,1.5,0.75,1.17
P.A. Trento,2020-04-05 17:00:00,0.98,0.46,1.47,0.71,1.1300000000000001
P.A. Trento,2020-04-06 17:00:00,1.0,0.45,1.47,0.74,1.16
P.A. Trento,2020-04-07 17:00:00,1.06,0.51,1.53,0.81,1.23
P.A. Trento,2020-04-08 17:00:00,1.12,0.59,1.6,0.85,1.27
P.A. Trento,2020-04-09 17:00:00,1.1300000000000001,0.61,1.61,0.91,1.32
P.A. Trento,2020-04-10 17:00:00,1.08,0.54,1.54,0.84,1.25
P.A. Trento,2020-04-11 17:00:00,0.97,0.43,1.43,0.73,1.1400000000000001
P.A. Trento,2020-04-12 17:00:00,0.8300000000000001,0.28,1.29,0.56,0.98
P.A. Trento,2020-04-13 17:00:00,0.7000000000000001,0.17,1.17,0.45,0.87
P.A. Trento,2020-04-14 17:00:00,0.63,0.07,1.07,0.36,0.79
P.A. Trento,2020-04-15 17:00:00,0.63,0.07,1.09,0.36,0.8
P.A. Trento,2020-04-16 17:00:00,0.7000000000000001,0.13,1.19,0.45,0.9
P.A. Trento,2020-04-17 17:00:00,0.76,0.18,1.27,0.48,0.9400000000000001
P.A. Trento,2020-04-18 17:00:00,0.78,0.16,1.27,0.53,0.99
P.A. Trento,2020-04-19 17:00:00,0.75,0.15,1.25,0.44,0.91
P.A. Trento,2020-04-20 17:00:00,0.68,0.1,1.18,0.38,0.85
P.A. Trento,2020-04-21 17:00:00,0.65,0.05,1.1300000000000001,0.38,0.85
P.A. Trento,2020-04-22 17:00:00,0.66,0.07,1.16,0.36,0.84
P.A. Trento,2020-04-23 17:00:00,0.74,0.13,1.27,0.45,0.9400000000000001
P.A. Trento,2020-04-24 17:00:00,0.8300000000000001,0.19,1.37,0.51,1.01
P.A. Trento,2020-04-25 17:00:00,0.89,0.25,1.44,0.5700000000000001,1.07
P.A. Trento,2020-04-26 17:00:00,0.91,0.26,1.45,0.63,1.12
P.A. Trento,2020-04-27 17:00:00,0.88,0.27,1.45,0.6,1.09
P.A. Trento,2020-04-28 17:00:00,0.81,0.17,1.34,0.53,1.02
P.A. Trento,2020-04-29 17:00:00,0.72,0.11,1.25,0.46,0.9500000000000001
P.A. Trento,2020-04-30 17:00:00,0.67,0.04,1.17,0.35000000000000003,0.85
P.A. Trento,2020-05-01 17:00:00,0.64,0.04,1.16,0.34,0.84
P.A. Trento,2020-05-02 17:00:00,0.61,0.02,1.1300000000000001,0.33,0.8300000000000001
P.A. Trento,2020-05-03 17:00:00,0.51,0.0,1.06,0.21,0.7000000000000001
P.A. Trento,2020-05-04 17:00:00,0.36,0.0,0.99,0.09,0.55
P.A. Trento,2020-05-05 17:00:00,0.24,0.0,0.9,0.05,0.45
P.A. Trento,2020-05-06 17:00:00,0.2,0.0,0.84,0.0,0.36
P.A. Trento,2020-05-07 17:00:00,0.19,0.0,0.81,0.0,0.34
P.A. Trento,2020-05-08 17:00:00,0.19,0.0,0.8,0.02,0.35000000000000003
P.A. Trento,2020-05-09 17:00:00,0.2,0.0,0.8200000000000001,0.03,0.37
P.A. Trento,2020-05-10 17:00:00,0.21,0.0,0.84,0.04,0.39
P.A. Trento,2020-05-11 17:00:00,0.23,0.0,0.88,0.04,0.41000000000000003
Piemonte,2020-03-05 17:00:00,3.2800000000000002,1.21,5.0200000000000005,2.43,4.0
Piemonte,2020-03-06 17:00:00,3.12,1.78,4.3100000000000005,2.52,3.56
Piemonte,2020-03-07 18:00:00,2.83,1.77,3.73,2.41,3.21
Piemonte,2020-03-08 18:00:00,2.5,1.62,3.2600000000000002,2.14,2.81
Piemonte,2020-03-09 18:00:00,2.23,1.47,2.91,1.9100000000000001,2.5
Piemonte,2020-03-10 18:00:00,2.12,1.41,2.72,1.78,2.32
Piemonte,2020-03-11 17:00:00,2.13,1.5,2.7,1.81,2.31
Piemonte,2020-03-12 17:00:00,2.2600000000000002,1.6600000000000001,2.77,1.97,2.43
Piemonte,2020-03-13 17:00:00,2.39,1.85,2.87,2.14,2.56
Piemonte,2020-03-14 17:00:00,2.5300000000000002,2.05,2.98,2.27,2.66
Piemonte,2020-03-15 17:00:00,2.61,2.17,3.02,2.41,2.7600000000000002
Piemonte,2020-03-16 17:00:00,2.58,2.18,2.96,2.41,2.73
Piemonte,2020-03-17 17:00:00,2.44,2.04,2.77,2.25,2.5500000000000003
Piemonte,2020-03-18 17:00:00,2.2,1.82,2.5100000000000002,2.05,2.33
Piemonte,2020-03-19 17:00:00,1.93,1.57,2.23,1.77,2.04
Piemonte,2020-03-20 17:00:00,1.68,1.35,1.99,1.49,1.76
Piemonte,2020-03-21 17:00:00,1.49,1.1400000000000001,1.78,1.34,1.6
Piemonte,2020-03-22 17:00:00,1.3800000000000001,1.04,1.67,1.22,1.48
Piemonte,2020-03-23 17:00:00,1.3,0.96,1.59,1.1400000000000001,1.4000000000000001
Piemonte,2020-03-24 17:00:00,1.24,0.92,1.54,1.07,1.33
Piemonte,2020-03-25 17:00:00,1.17,0.84,1.46,1.0,1.26
Piemonte,2020-03-26 17:00:00,1.11,0.77,1.3900000000000001,0.93,1.19
Piemonte,2020-03-27 17:00:00,1.07,0.74,1.36,0.89,1.1500000000000001
Piemonte,2020-03-28 17:00:00,1.04,0.71,1.33,0.87,1.1300000000000001
Piemonte,2020-03-29 17:00:00,1.02,0.6900000000000001,1.31,0.85,1.11
Piemonte,2020-03-30 17:00:00,1.01,0.68,1.3,0.84,1.1
Piemonte,2020-03-31 17:00:00,1.03,0.7000000000000001,1.32,0.86,1.12
Piemonte,2020-04-01 17:00:00,1.07,0.74,1.36,0.9,1.16
Piemonte,2020-04-02 17:00:00,1.1400000000000001,0.8300000000000001,1.44,1.01,1.26
Piemonte,2020-04-03 17:00:00,1.19,0.85,1.46,1.03,1.28
Piemonte,2020-04-04 17:00:00,1.16,0.84,1.44,0.99,1.24
Piemonte,2020-04-05 17:00:00,1.06,0.73,1.33,0.89,1.1400000000000001
Piemonte,2020-04-06 17:00:00,0.9500000000000001,0.63,1.23,0.79,1.04
Piemonte,2020-04-07 17:00:00,0.91,0.5700000000000001,1.18,0.75,1.0
Piemonte,2020-04-08 17:00:00,0.97,0.64,1.25,0.8300000000000001,1.08
Piemonte,2020-04-09 17:00:00,1.1,0.77,1.3800000000000001,0.9500000000000001,1.2
Piemonte,2020-04-10 17:00:00,1.2,0.87,1.47,1.03,1.28
Piemonte,2020-04-11 17:00:00,1.18,0.87,1.46,1.01,1.26
Piemonte,2020-04-12 17:00:00,1.08,0.76,1.35,0.9500000000000001,1.19
Piemonte,2020-04-13 17:00:00,0.99,0.68,1.27,0.8200000000000001,1.07
Piemonte,2020-04-14 17:00:00,0.98,0.67,1.26,0.81,1.06
Piemonte,2020-04-15 17:00:00,1.04,0.73,1.32,0.87,1.12
Piemonte,2020-04-16 17:00:00,1.08,0.76,1.35,0.9,1.1500000000000001
Piemonte,2020-04-17 17:00:00,1.02,0.7000000000000001,1.29,0.89,1.1300000000000001
Piemonte,2020-04-18 17:00:00,0.9,0.58,1.17,0.73,0.98
Piemonte,2020-04-19 17:00:00,0.79,0.47000000000000003,1.07,0.63,0.88
Piemonte,2020-04-20 17:00:00,0.78,0.44,1.05,0.63,0.88
Piemonte,2020-04-21 17:00:00,0.85,0.53,1.1400000000000001,0.71,0.96
Piemonte,2020-04-22 17:00:00,0.92,0.61,1.22,0.74,1.0
Piemonte,2020-04-23 17:00:00,0.93,0.58,1.2,0.75,1.01
Piemonte,2020-04-24 17:00:00,0.85,0.51,1.1300000000000001,0.67,0.93
Piemonte,2020-04-25 17:00:00,0.7000000000000001,0.36,0.99,0.54,0.8
Piemonte,2020-04-26 17:00:00,0.56,0.22,0.86,0.38,0.65
Piemonte,2020-04-27 17:00:00,0.5,0.16,0.81,0.34,0.61
Piemonte,2020-04-28 17:00:00,0.55,0.17,0.85,0.38,0.66
Piemonte,2020-04-29 17:00:00,0.67,0.3,0.99,0.47000000000000003,0.76
Piemonte,2020-04-30 17:00:00,0.77,0.4,1.09,0.5700000000000001,0.86
Piemonte,2020-05-01 17:00:00,0.76,0.41000000000000003,1.1,0.5700000000000001,0.86
Piemonte,2020-05-02 17:00:00,0.64,0.27,0.97,0.46,0.75
Piemonte,2020-05-03 17:00:00,0.45,0.07,0.76,0.29,0.58
Piemonte,2020-05-04 17:00:00,0.26,0.0,0.58,0.08,0.35000000000000003
Piemonte,2020-05-05 17:00:00,0.17,0.0,0.52,0.0,0.24
Piemonte,2020-05-06 17:00:00,0.2,0.0,0.56,0.05,0.3
Piemonte,2020-05-07 17:00:00,0.29,0.0,0.65,0.12,0.41000000000000003
Piemonte,2020-05-08 17:00:00,0.37,0.0,0.73,0.18,0.5
Piemonte,2020-05-09 17:00:00,0.42,0.0,0.77,0.2,0.54
Piemonte,2020-05-10 17:00:00,0.42,0.01,0.79,0.19,0.54
Piemonte,2020-05-11 17:00:00,0.42,0.0,0.79,0.2,0.55
Puglia,2020-03-13 17:00:00,2.5100000000000002,0.41000000000000003,4.24,1.57,3.21
Puglia,2020-03-14 17:00:00,2.36,0.88,3.66,1.69,2.84
Puglia,2020-03-15 17:00:00,2.3000000000000003,1.11,3.3200000000000003,1.75,2.66
Puglia,2020-03-16 17:00:00,2.3000000000000003,1.33,3.17,1.84,2.6
Puglia,2020-03-17 17:00:00,2.27,1.41,3.0100000000000002,1.86,2.52
Puglia,2020-03-18 17:00:00,2.2,1.45,2.87,1.83,2.42
Puglia,2020-03-19 17:00:00,2.12,1.44,2.73,1.82,2.35
Puglia,2020-03-20 17:00:00,2.02,1.37,2.57,1.75,2.24
Puglia,2020-03-21 17:00:00,1.8800000000000001,1.28,2.41,1.58,2.05
Puglia,2020-03-22 17:00:00,1.74,1.17,2.25,1.45,1.9000000000000001
Puglia,2020-03-23 17:00:00,1.61,1.04,2.09,1.36,1.79
Puglia,2020-03-24 17:00:00,1.49,0.93,1.96,1.26,1.68
Puglia,2020-03-25 17:00:00,1.41,0.89,1.9000000000000001,1.1500000000000001,1.57
Puglia,2020-03-26 17:00:00,1.37,0.85,1.85,1.1400000000000001,1.55
Puglia,2020-03-27 17:00:00,1.35,0.84,1.83,1.1,1.51
Puglia,2020-03-28 17:00:00,1.33,0.8200000000000001,1.8,1.06,1.47
Puglia,2020-03-29 17:00:00,1.28,0.78,1.75,1.05,1.45
Puglia,2020-03-30 17:00:00,1.23,0.71,1.68,0.98,1.3800000000000001
Puglia,2020-03-31 17:00:00,1.17,0.67,1.6300000000000001,0.92,1.32
Puglia,2020-04-01 17:00:00,1.1,0.6,1.56,0.84,1.24
Puglia,2020-04-02 17:00:00,1.0,0.48,1.45,0.76,1.16
Puglia,2020-04-03 17:00:00,0.9,0.37,1.35,0.68,1.08
Puglia,2020-04-04 17:00:00,0.8300000000000001,0.3,1.29,0.58,0.99
Puglia,2020-04-05 17:00:00,0.8200000000000001,0.31,1.31,0.55,0.97
Puglia,2020-04-06 17:00:00,0.84,0.29,1.31,0.59,1.01
Puglia,2020-04-07 17:00:00,0.88,0.33,1.36,0.66,1.08
Puglia,2020-04-08 17:00:00,0.9,0.36,1.3900000000000001,0.62,1.05
Puglia,2020-04-09 17:00:00,0.91,0.34,1.3800000000000001,0.63,1.06
Puglia,2020-04-10 17:00:00,0.88,0.32,1.36,0.61,1.04
Puglia,2020-04-11 17:00:00,0.84,0.31,1.35,0.59,1.02
Puglia,2020-04-12 17:00:00,0.8,0.23,1.28,0.51,0.9500000000000001
Puglia,2020-04-13 17:00:00,0.76,0.21,1.26,0.49,0.93
Puglia,2020-04-14 17:00:00,0.73,0.16,1.22,0.44,0.89
Puglia,2020-04-15 17:00:00,0.76,0.17,1.25,0.51,0.96
Puglia,2020-04-16 17:00:00,0.8300000000000001,0.24,1.34,0.54,1.0
Puglia,2020-04-17 17:00:00,0.89,0.29,1.4000000000000001,0.6,1.06
Puglia,2020-04-18 17:00:00,0.9400000000000001,0.34,1.45,0.65,1.11
Puglia,2020-04-19 17:00:00,0.96,0.36,1.47,0.67,1.1300000000000001
Puglia,2020-04-20 17:00:00,0.9500000000000001,0.38,1.48,0.65,1.11
Puglia,2020-04-21 17:00:00,0.9400000000000001,0.36,1.46,0.71,1.16
Puglia,2020-04-22 17:00:00,0.92,0.34,1.44,0.62,1.08
Puglia,2020-04-23 17:00:00,0.84,0.25,1.35,0.55,1.01
Puglia,2020-04-24 17:00:00,0.7000000000000001,0.1,1.18,0.42,0.88
Puglia,2020-04-25 17:00:00,0.54,0.0,1.0,0.28,0.73
Puglia,2020-04-26 17:00:00,0.35000000000000003,0.0,0.9,0.09,0.51
Puglia,2020-04-27 17:00:00,0.29,0.0,0.88,0.07,0.47000000000000003
Puglia,2020-04-28 17:00:00,0.31,0.0,0.92,0.08,0.5
Puglia,2020-04-29 17:00:00,0.39,0.0,0.99,0.17,0.62
Puglia,2020-04-30 17:00:00,0.45,0.0,1.05,0.16,0.64
Puglia,2020-05-01 17:00:00,0.44,0.0,1.05,0.18,0.66
Puglia,2020-05-02 17:00:00,0.37,0.0,1.01,0.09,0.56
Puglia,2020-05-03 17:00:00,0.33,0.0,1.0,0.13,0.58
Puglia,2020-05-04 17:00:00,0.32,0.0,1.0,0.1,0.55
Puglia,2020-05-05 17:00:00,0.38,0.0,1.07,0.1,0.59
Puglia,2020-05-06 17:00:00,0.5,0.0,1.16,0.19,0.72
Puglia,2020-05-07 17:00:00,0.62,0.01,1.25,0.24,0.81
Puglia,2020-05-08 17:00:00,0.66,0.0,1.27,0.28,0.86
Puglia,2020-05-09 17:00:00,0.66,0.0,1.27,0.28,0.86
Puglia,2020-05-10 17:00:00,0.66,0.0,1.27,0.29,0.87
Puglia,2020-05-11 17:00:00,0.62,0.01,1.25,0.28,0.85
Sardegna,2020-03-18 17:00:00,2.47,0.5700000000000001,4.15,1.59,3.11
Sardegna,2020-03-19 17:00:00,2.24,0.89,3.46,1.6400000000000001,2.7
Sardegna,2020-03-20 17:00:00,1.8800000000000001,0.76,2.85,1.3800000000000001,2.24
Sardegna,2020-03-21 17:00:00,1.49,0.5,2.33,1.1,1.85
Sardegna,2020-03-22 17:00:00,1.23,0.33,2.0,0.87,1.56
Sardegna,2020-03-23 17:00:00,1.12,0.25,1.83,0.72,1.3800000000000001
Sardegna,2020-03-24 17:00:00,1.1300000000000001,0.29,1.82,0.79,1.42
Sardegna,2020-03-25 17:00:00,1.2,0.43,1.9100000000000001,0.84,1.45
Sardegna,2020-03-26 17:00:00,1.27,0.49,1.93,0.92,1.51
Sardegna,2020-03-27 17:00:00,1.28,0.54,1.93,0.9400000000000001,1.51
Sardegna,2020-03-28 17:00:00,1.23,0.53,1.8800000000000001,0.88,1.44
Sardegna,2020-03-29 17:00:00,1.1500000000000001,0.44,1.77,0.81,1.36
Sardegna,2020-03-30 17:00:00,1.06,0.34,1.6600000000000001,0.76,1.3
Sardegna,2020-03-31 17:00:00,1.01,0.31,1.62,0.7000000000000001,1.24
Sardegna,2020-04-01 17:00:00,0.96,0.24,1.55,0.66,1.2
Sardegna,2020-04-02 17:00:00,0.96,0.27,1.58,0.61,1.16
Sardegna,2020-04-03 17:00:00,0.9400000000000001,0.26,1.57,0.6,1.1500000000000001
Sardegna,2020-04-04 17:00:00,0.9,0.19,1.5,0.5700000000000001,1.12
Sardegna,2020-04-05 17:00:00,0.86,0.13,1.44,0.5700000000000001,1.12
Sardegna,2020-04-06 17:00:00,0.8300000000000001,0.11,1.41,0.48,1.04
Sardegna,2020-04-07 17:00:00,0.84,0.1,1.42,0.47000000000000003,1.04
Sardegna,2020-04-08 17:00:00,0.91,0.16,1.51,0.5700000000000001,1.1400000000000001
Sardegna,2020-04-09 17:00:00,0.9400000000000001,0.21,1.57,0.62,1.19
Sardegna,2020-04-10 17:00:00,0.92,0.16,1.52,0.6,1.17
Sardegna,2020-04-11 17:00:00,0.8200000000000001,0.1,1.42,0.49,1.06
Sardegna,2020-04-12 17:00:00,0.73,0.04,1.31,0.37,0.9400000000000001
Sardegna,2020-04-13 17:00:00,0.63,0.0,1.21,0.27,0.8300000000000001
Sardegna,2020-04-14 17:00:00,0.53,0.0,1.17,0.16,0.71
Sardegna,2020-04-15 17:00:00,0.46,0.0,1.1500000000000001,0.12,0.66
Sardegna,2020-04-16 17:00:00,0.43,0.0,1.16,0.12,0.66
Sardegna,2020-04-17 17:00:00,0.45,0.0,1.19,0.16,0.71
Sardegna,2020-04-18 17:00:00,0.48,0.0,1.23,0.14,0.71
Sardegna,2020-04-19 17:00:00,0.51,0.0,1.25,0.18,0.76
Sardegna,2020-04-20 17:00:00,0.49,0.0,1.25,0.15,0.73
Sardegna,2020-04-21 17:00:00,0.41000000000000003,0.0,1.22,0.11,0.67
Sardegna,2020-04-22 17:00:00,0.38,0.0,1.21,0.07,0.63
Sardegna,2020-04-23 17:00:00,0.36,0.0,1.21,0.09,0.64
Sardegna,2020-04-24 17:00:00,0.34,0.0,1.21,0.11,0.65
Sardegna,2020-04-25 17:00:00,0.35000000000000003,0.0,1.23,0.07,0.63
Sardegna,2020-04-26 17:00:00,0.33,0.0,1.23,0.08,0.63
Sardegna,2020-04-27 17:00:00,0.32,0.0,1.22,0.08,0.62
Sardegna,2020-04-28 17:00:00,0.33,0.0,1.25,0.12,0.67
Sardegna,2020-04-29 17:00:00,0.34,0.0,1.27,0.06,0.63
Sardegna,2020-04-30 17:00:00,0.35000000000000003,0.0,1.3,0.08,0.66
Sardegna,2020-05-01 17:00:00,0.36,0.0,1.32,0.1,0.6900000000000001
Sardegna,2020-05-02 17:00:00,0.33,0.0,1.3,0.07,0.65
Sardegna,2020-05-03 17:00:00,0.31,0.0,1.28,0.04,0.61
Sardegna,2020-05-04 17:00:00,0.3,0.0,1.27,0.07,0.62
Sardegna,2020-05-05 17:00:00,0.28,0.0,1.25,0.03,0.5700000000000001
Sardegna,2020-05-06 17:00:00,0.31,0.0,1.32,0.03,0.61
Sardegna,2020-05-07 17:00:00,0.32,0.0,1.34,0.04,0.63
Sardegna,2020-05-08 17:00:00,0.36,0.0,1.41,0.12,0.74
Sardegna,2020-05-09 17:00:00,0.36,0.0,1.43,0.13,0.76
Sardegna,2020-05-10 17:00:00,0.42,0.0,1.5,0.14,0.81
Sardegna,2020-05-11 17:00:00,0.38,0.0,1.46,0.11,0.76
Sicilia,2020-03-15 17:00:00,1.79,0.04,3.46,0.86,2.44
Sicilia,2020-03-16 17:00:00,1.87,0.33,3.14,1.24,2.43
Sicilia,2020-03-17 17:00:00,2.07,0.81,3.15,1.54,2.5
Sicilia,2020-03-18 17:00:00,2.2,1.16,3.11,1.74,2.54
Sicilia,2020-03-19 17:00:00,2.31,1.42,3.09,1.8900000000000001,2.58
Sicilia,2020-03-20 17:00:00,2.35,1.59,3.0500000000000003,2.0100000000000002,2.61
Sicilia,2020-03-21 17:00:00,2.34,1.6300000000000001,2.94,2.0,2.54
Sicilia,2020-03-22 17:00:00,2.23,1.6,2.79,1.94,2.43
Sicilia,2020-03-23 17:00:00,2.11,1.55,2.65,1.81,2.27
Sicilia,2020-03-24 17:00:00,1.94,1.4000000000000001,2.44,1.68,2.11
Sicilia,2020-03-25 17:00:00,1.77,1.24,2.24,1.54,1.95
Sicilia,2020-03-26 17:00:00,1.56,1.03,2.0100000000000002,1.34,1.74
Sicilia,2020-03-27 17:00:00,1.36,0.84,1.81,1.11,1.51
Sicilia,2020-03-28 17:00:00,1.19,0.67,1.6400000000000001,0.9400000000000001,1.34
Sicilia,2020-03-29 17:00:00,1.04,0.51,1.49,0.8200000000000001,1.22
Sicilia,2020-03-30 17:00:00,0.9400000000000001,0.42,1.41,0.6900000000000001,1.1
Sicilia,2020-03-31 17:00:00,0.86,0.31,1.32,0.59,1.01
Sicilia,2020-04-01 17:00:00,0.8,0.27,1.29,0.51,0.9400000000000001
Sicilia,2020-04-02 17:00:00,0.74,0.17,1.21,0.5,0.93
Sicilia,2020-04-03 17:00:00,0.72,0.15,1.2,0.46,0.9
Sicilia,2020-04-04 17:00:00,0.7000000000000001,0.11,1.17,0.42,0.87
Sicilia,2020-04-05 17:00:00,0.68,0.1,1.16,0.38,0.84
Sicilia,2020-04-06 17:00:00,0.6900000000000001,0.09,1.17,0.37,0.84
Sicilia,2020-04-07 17:00:00,0.73,0.12,1.23,0.46,0.93
Sicilia,2020-04-08 17:00:00,0.79,0.19,1.32,0.49,0.97
Sicilia,2020-04-09 17:00:00,0.8200000000000001,0.18,1.33,0.53,1.01
Sicilia,2020-04-10 17:00:00,0.8300000000000001,0.21,1.36,0.55,1.03
Sicilia,2020-04-11 17:00:00,0.8,0.17,1.32,0.54,1.02
Sicilia,2020-04-12 17:00:00,0.73,0.14,1.27,0.41000000000000003,0.9
Sicilia,2020-04-13 17:00:00,0.6900000000000001,0.09,1.21,0.38,0.87
Sicilia,2020-04-14 17:00:00,0.64,0.03,1.1400000000000001,0.35000000000000003,0.84
Sicilia,2020-04-15 17:00:00,0.64,0.03,1.1500000000000001,0.32,0.8200000000000001
Sicilia,2020-04-16 17:00:00,0.68,0.06,1.21,0.36,0.87
Sicilia,2020-04-17 17:00:00,0.76,0.12,1.32,0.45,0.97
Sicilia,2020-04-18 17:00:00,0.81,0.14,1.37,0.54,1.06
Sicilia,2020-04-19 17:00:00,0.9,0.2,1.46,0.56,1.09
Sicilia,2020-04-20 17:00:00,0.93,0.24,1.5,0.64,1.16
Sicilia,2020-04-21 17:00:00,0.96,0.31,1.56,0.65,1.17
Sicilia,2020-04-22 17:00:00,0.97,0.29,1.54,0.64,1.16
Sicilia,2020-04-23 17:00:00,0.93,0.26,1.5,0.6,1.12
Sicilia,2020-04-24 17:00:00,0.86,0.18,1.41,0.52,1.04
Sicilia,2020-04-25 17:00:00,0.79,0.15,1.36,0.47000000000000003,0.99
Sicilia,2020-04-26 17:00:00,0.73,0.08,1.27,0.41000000000000003,0.93
Sicilia,2020-04-27 17:00:00,0.66,0.04,1.2,0.35000000000000003,0.87
Sicilia,2020-04-28 17:00:00,0.61,0.0,1.1500000000000001,0.3,0.8200000000000001
Sicilia,2020-04-29 17:00:00,0.59,0.0,1.1400000000000001,0.22,0.75
Sicilia,2020-04-30 17:00:00,0.56,0.0,1.1400000000000001,0.2,0.73
Sicilia,2020-05-01 17:00:00,0.52,0.0,1.1300000000000001,0.16,0.6900000000000001
Sicilia,2020-05-02 17:00:00,0.48,0.0,1.12,0.18,0.7000000000000001
Sicilia,2020-05-03 17:00:00,0.44,0.0,1.11,0.12,0.64
Sicilia,2020-05-04 17:00:00,0.4,0.0,1.1,0.11,0.62
Sicilia,2020-05-05 17:00:00,0.33,0.0,1.07,0.06,0.55
Sicilia,2020-05-06 17:00:00,0.3,0.0,1.05,0.09,0.56
Sicilia,2020-05-07 17:00:00,0.3,0.0,1.07,0.05,0.53
Sicilia,2020-05-08 17:00:00,0.32,0.0,1.1,0.12,0.61
Sicilia,2020-05-09 17:00:00,0.34,0.0,1.1400000000000001,0.1,0.61
Sicilia,2020-05-10 17:00:00,0.37,0.0,1.17,0.09,0.62
Sicilia,2020-05-11 17:00:00,0.43,0.0,1.23,0.15,0.71
Toscana,2020-03-07 18:00:00,2.36,0.39,4.03,1.51,3.0700000000000003
Toscana,2020-03-08 18:00:00,2.33,0.9,3.56,1.67,2.77
Toscana,2020-03-09 18:00:00,2.24,1.11,3.22,1.71,2.58
Toscana,2020-03-10 18:00:00,2.18,1.26,3.0300000000000002,1.75,2.48
Toscana,2020-03-11 17:00:00,2.2,1.4000000000000001,2.94,1.8,2.44
Toscana,2020-03-12 17:00:00,2.2600000000000002,1.53,2.9,1.96,2.52
Toscana,2020-03-13 17:00:00,2.32,1.67,2.9,2.0,2.5100000000000002
Toscana,2020-03-14 17:00:00,2.29,1.7,2.82,2.0300000000000002,2.49
Toscana,2020-03-15 17:00:00,2.21,1.6600000000000001,2.7,1.94,2.37
Toscana,2020-03-16 17:00:00,2.13,1.6300000000000001,2.6,1.9000000000000001,2.3000000000000003
Toscana,2020-03-17 17:00:00,2.06,1.57,2.49,1.82,2.2
Toscana,2020-03-18 17:00:00,1.98,1.51,2.39,1.77,2.13
Toscana,2020-03-19 17:00:00,1.86,1.43,2.27,1.6400000000000001,1.99
Toscana,2020-03-20 17:00:00,1.7,1.27,2.09,1.49,1.83
Toscana,2020-03-21 17:00:00,1.55,1.1400000000000001,1.94,1.36,1.69
Toscana,2020-03-22 17:00:00,1.4000000000000001,0.96,1.76,1.19,1.52
Toscana,2020-03-23 17:00:00,1.29,0.88,1.67,1.08,1.41
Toscana,2020-03-24 17:00:00,1.25,0.8300000000000001,1.62,1.03,1.36
Toscana,2020-03-25 17:00:00,1.25,0.8200000000000001,1.61,1.03,1.36
Toscana,2020-03-26 17:00:00,1.27,0.85,1.6300000000000001,1.08,1.4000000000000001
Toscana,2020-03-27 17:00:00,1.28,0.87,1.6400000000000001,1.07,1.3900000000000001
Toscana,2020-03-28 17:00:00,1.25,0.85,1.61,1.03,1.35
Toscana,2020-03-29 17:00:00,1.19,0.77,1.53,1.01,1.32
Toscana,2020-03-30 17:00:00,1.11,0.6900000000000001,1.45,0.92,1.23
Toscana,2020-03-31 17:00:00,1.04,0.62,1.3800000000000001,0.86,1.17
Toscana,2020-04-01 17:00:00,0.98,0.5700000000000001,1.33,0.81,1.12
Toscana,2020-04-02 17:00:00,0.9,0.48,1.25,0.6900000000000001,1.01
Toscana,2020-04-03 17:00:00,0.78,0.35000000000000003,1.1300000000000001,0.58,0.9
Toscana,2020-04-04 17:00:00,0.65,0.23,1.02,0.44,0.77
Toscana,2020-04-05 17:00:00,0.5700000000000001,0.13,0.93,0.34,0.68
Toscana,2020-04-06 17:00:00,0.5700000000000001,0.11,0.93,0.38,0.72
Toscana,2020-04-07 17:00:00,0.64,0.17,1.02,0.44,0.79
Toscana,2020-04-08 17:00:00,0.76,0.3,1.16,0.52,0.88
Toscana,2020-04-09 17:00:00,0.87,0.41000000000000003,1.27,0.63,0.99
Toscana,2020-04-10 17:00:00,0.96,0.52,1.37,0.76,1.11
Toscana,2020-04-11 17:00:00,1.01,0.55,1.4000000000000001,0.79,1.1400000000000001
Toscana,2020-04-12 17:00:00,0.98,0.54,1.3800000000000001,0.75,1.1
Toscana,2020-04-13 17:00:00,0.92,0.48,1.32,0.6900000000000001,1.04
Toscana,2020-04-14 17:00:00,0.87,0.41000000000000003,1.26,0.66,1.01
Toscana,2020-04-15 17:00:00,0.86,0.42,1.27,0.66,1.01
Toscana,2020-04-16 17:00:00,0.85,0.4,1.26,0.61,0.97
Toscana,2020-04-17 17:00:00,0.8,0.33,1.2,0.5700000000000001,0.93
Toscana,2020-04-18 17:00:00,0.72,0.24,1.12,0.52,0.88
Toscana,2020-04-19 17:00:00,0.62,0.15,1.03,0.39,0.76
Toscana,2020-04-20 17:00:00,0.54,0.07,0.9400000000000001,0.29,0.67
Toscana,2020-04-21 17:00:00,0.49,0.03,0.89,0.26,0.64
Toscana,2020-04-22 17:00:00,0.5,0.01,0.89,0.24,0.63
Toscana,2020-04-23 17:00:00,0.53,0.04,0.9500000000000001,0.28,0.68
Toscana,2020-04-24 17:00:00,0.6,0.07,1.03,0.37,0.78
Toscana,2020-04-25 17:00:00,0.64,0.09,1.07,0.37,0.79
Toscana,2020-04-26 17:00:00,0.59,0.08,1.04,0.32,0.74
Toscana,2020-04-27 17:00:00,0.5,0.03,0.9500000000000001,0.22,0.64
Toscana,2020-04-28 17:00:00,0.42,0.0,0.88,0.15,0.56
Toscana,2020-04-29 17:00:00,0.43,0.0,0.91,0.21,0.62
Toscana,2020-04-30 17:00:00,0.5,0.01,0.97,0.27,0.7000000000000001
Toscana,2020-05-01 17:00:00,0.54,0.04,1.03,0.24,0.6900000000000001
Toscana,2020-05-02 17:00:00,0.53,0.0,1.0,0.24,0.6900000000000001
Toscana,2020-05-03 17:00:00,0.42,0.0,0.9400000000000001,0.17,0.6
Toscana,2020-05-04 17:00:00,0.31,0.0,0.87,0.09,0.49
Toscana,2020-05-05 17:00:00,0.25,0.0,0.8300000000000001,0.07,0.44
Toscana,2020-05-06 17:00:00,0.24,0.0,0.81,0.04,0.4
Toscana,2020-05-07 17:00:00,0.26,0.0,0.84,0.08,0.45
Toscana,2020-05-08 17:00:00,0.27,0.0,0.87,0.04,0.43
Toscana,2020-05-09 17:00:00,0.29,0.0,0.91,0.05,0.46
Toscana,2020-05-10 17:00:00,0.29,0.0,0.92,0.1,0.51
Toscana,2020-05-11 17:00:00,0.29,0.0,0.9400000000000001,0.06,0.48
Umbria,2020-03-15 17:00:00,2.2800000000000002,0.26,3.99,1.3800000000000001,3.0100000000000002
Umbria,2020-03-16 17:00:00,2.2800000000000002,0.77,3.58,1.6600000000000001,2.82
Umbria,2020-03-17 17:00:00,2.2600000000000002,1.05,3.29,1.72,2.64
Umbria,2020-03-18 17:00:00,2.24,1.24,3.11,1.78,2.5500000000000003
Umbria,2020-03-19 17:00:00,2.14,1.27,2.9,1.75,2.42
Umbria,2020-03-20 17:00:00,1.96,1.18,2.65,1.58,2.19
Umbria,2020-03-21 17:00:00,1.79,1.08,2.44,1.46,2.02
Umbria,2020-03-22 17:00:00,1.62,0.9400000000000001,2.23,1.32,1.85
Umbria,2020-03-23 17:00:00,1.54,0.89,2.13,1.25,1.76
Umbria,2020-03-24 17:00:00,1.48,0.86,2.06,1.16,1.6600000000000001
Umbria,2020-03-25 17:00:00,1.45,0.81,1.99,1.2,1.68
Umbria,2020-03-26 17:00:00,1.4000000000000001,0.8,1.95,1.09,1.57
Umbria,2020-03-27 17:00:00,1.29,0.68,1.82,1.0,1.47
Umbria,2020-03-28 17:00:00,1.1400000000000001,0.55,1.68,0.84,1.31
Umbria,2020-03-29 17:00:00,0.9500000000000001,0.33,1.47,0.66,1.1300000000000001
Umbria,2020-03-30 17:00:00,0.78,0.15,1.29,0.47000000000000003,0.9500000000000001
Umbria,2020-03-31 17:00:00,0.65,0.05,1.1500000000000001,0.38,0.86
Umbria,2020-04-01 17:00:00,0.6,0.0,1.09,0.29,0.78
Umbria,2020-04-02 17:00:00,0.61,0.02,1.1300000000000001,0.32,0.8200000000000001
Umbria,2020-04-03 17:00:00,0.64,0.03,1.18,0.31,0.8300000000000001
Umbria,2020-04-04 17:00:00,0.62,0.02,1.17,0.33,0.85
Umbria,2020-04-05 17:00:00,0.53,0.0,1.11,0.24,0.75
Umbria,2020-04-06 17:00:00,0.43,0.0,1.06,0.18,0.67
Umbria,2020-04-07 17:00:00,0.32,0.0,1.02,0.06,0.53
Umbria,2020-04-08 17:00:00,0.28,0.0,0.99,0.04,0.49
Umbria,2020-04-09 17:00:00,0.26,0.0,0.97,0.02,0.45
Umbria,2020-04-10 17:00:00,0.24,0.0,0.9400000000000001,0.0,0.41000000000000003
Umbria,2020-04-11 17:00:00,0.23,0.0,0.93,0.01,0.41000000000000003
Umbria,2020-04-12 17:00:00,0.24,0.0,0.9500000000000001,0.04,0.44
Umbria,2020-04-13 17:00:00,0.24,0.0,0.96,0.01,0.42
Umbria,2020-04-14 17:00:00,0.24,0.0,0.97,0.03,0.44
Umbria,2020-04-15 17:00:00,0.25,0.0,1.0,0.02,0.45
Umbria,2020-04-16 17:00:00,0.28,0.0,1.07,0.04,0.5
Umbria,2020-04-17 17:00:00,0.28,0.0,1.1,0.03,0.51
Umbria,2020-04-18 17:00:00,0.29,0.0,1.1300000000000001,0.06,0.55
Umbria,2020-04-19 17:00:00,0.3,0.0,1.16,0.04,0.55
Umbria,2020-04-20 17:00:00,0.29,0.0,1.16,0.05,0.55
Umbria,2020-04-21 17:00:00,0.29,0.0,1.18,0.08,0.59
Umbria,2020-04-22 17:00:00,0.28,0.0,1.17,0.02,0.53
Umbria,2020-04-23 17:00:00,0.29,0.0,1.2,0.04,0.56
Umbria,2020-04-24 17:00:00,0.29,0.0,1.23,0.05,0.58
Umbria,2020-04-25 17:00:00,0.3,0.0,1.26,0.07,0.61
Umbria,2020-04-26 17:00:00,0.33,0.0,1.32,0.07,0.65
Umbria,2020-04-27 17:00:00,0.34,0.0,1.35,0.08,0.67
Umbria,2020-04-28 17:00:00,0.38,0.0,1.41,0.09,0.72
Umbria,2020-04-29 17:00:00,0.39,0.0,1.43,0.1,0.74
Umbria,2020-04-30 17:00:00,0.35000000000000003,0.0,1.4000000000000001,0.09,0.71
Umbria,2020-05-01 17:00:00,0.32,0.0,1.37,0.09,0.6900000000000001
Umbria,2020-05-02 17:00:00,0.3,0.0,1.35,0.09,0.67
Umbria,2020-05-03 17:00:00,0.31,0.0,1.37,0.08,0.67
Umbria,2020-05-04 17:00:00,0.31,0.0,1.3900000000000001,0.08,0.68
Umbria,2020-05-05 17:00:00,0.32,0.0,1.41,0.08,0.6900000000000001
Umbria,2020-05-06 17:00:00,0.32,0.0,1.43,0.07,0.6900000000000001
Umbria,2020-05-07 17:00:00,0.33,0.0,1.45,0.07,0.7000000000000001
Umbria,2020-05-08 17:00:00,0.33,0.0,1.47,0.06,0.7000000000000001
Umbria,2020-05-09 17:00:00,0.33,0.0,1.49,0.06,0.71
Umbria,2020-05-10 17:00:00,0.34,0.0,1.51,0.05,0.71
Umbria,2020-05-11 17:00:00,0.34,0.0,1.52,0.05,0.72
Valle d'Aosta,2020-03-27 17:00:00,2.45,0.42,4.18,1.57,3.18
Valle d'Aosta,2020-03-28 17:00:00,2.21,0.73,3.48,1.55,2.69
Valle d'Aosta,2020-03-29 17:00:00,1.82,0.61,2.85,1.33,2.25
Valle d'Aosta,2020-03-30 17:00:00,1.43,0.37,2.32,0.96,1.77
Valle d'Aosta,2020-03-31 17:00:00,1.21,0.23,2.0,0.74,1.49
Valle d'Aosta,2020-04-01 17:00:00,1.1300000000000001,0.21,1.8800000000000001,0.76,1.46
Valle d'Aosta,2020-04-02 17:00:00,1.11,0.22,1.83,0.68,1.36
Valle d'Aosta,2020-04-03 17:00:00,1.12,0.26,1.83,0.7000000000000001,1.36
Valle d'Aosta,2020-04-04 17:00:00,1.1,0.27,1.8,0.71,1.35
Valle d'Aosta,2020-04-05 17:00:00,1.03,0.2,1.69,0.7000000000000001,1.32
Valle d'Aosta,2020-04-06 17:00:00,0.93,0.14,1.58,0.54,1.16
Valle d'Aosta,2020-04-07 17:00:00,0.85,0.1,1.49,0.48,1.09
Valle d'Aosta,2020-04-08 17:00:00,0.76,0.01,1.36,0.36,0.97
Valle d'Aosta,2020-04-09 17:00:00,0.71,0.0,1.32,0.36,0.96
Valle d'Aosta,2020-04-10 17:00:00,0.6900000000000001,0.02,1.33,0.27,0.88
Valle d'Aosta,2020-04-11 17:00:00,0.67,0.0,1.31,0.26,0.87
Valle d'Aosta,2020-04-12 17:00:00,0.65,0.0,1.31,0.23,0.84
Valle d'Aosta,2020-04-13 17:00:00,0.67,0.0,1.33,0.24,0.86
Valle d'Aosta,2020-04-14 17:00:00,0.73,0.0,1.3800000000000001,0.36,0.99
Valle d'Aosta,2020-04-15 17:00:00,0.8200000000000001,0.04,1.49,0.44,1.09
Valle d'Aosta,2020-04-16 17:00:00,0.98,0.13,1.67,0.55,1.22
Valle d'Aosta,2020-04-17 17:00:00,1.08,0.21,1.78,0.6900000000000001,1.35
Valle d'Aosta,2020-04-18 17:00:00,1.07,0.26,1.8,0.68,1.33
Valle d'Aosta,2020-04-19 17:00:00,0.93,0.12,1.6,0.54,1.18
Valle d'Aosta,2020-04-20 17:00:00,0.73,0.02,1.37,0.34,0.96
Valle d'Aosta,2020-04-21 17:00:00,0.47000000000000003,0.0,1.2,0.09,0.66
Valle d'Aosta,2020-04-22 17:00:00,0.28,0.0,1.12,0.03,0.54
Valle d'Aosta,2020-04-23 17:00:00,0.26,0.0,1.09,0.03,0.51
Valle d'Aosta,2020-04-24 17:00:00,0.26,0.0,1.09,0.05,0.52
Valle d'Aosta,2020-04-25 17:00:00,0.29,0.0,1.1500000000000001,0.03,0.54
Valle d'Aosta,2020-04-26 17:00:00,0.3,0.0,1.18,0.05,0.5700000000000001
Valle d'Aosta,2020-04-27 17:00:00,0.33,0.0,1.25,0.09,0.64
Valle d'Aosta,2020-04-28 17:00:00,0.34,0.0,1.27,0.05,0.62
Valle d'Aosta,2020-04-29 17:00:00,0.34,0.0,1.3,0.07,0.65
Valle d'Aosta,2020-04-30 17:00:00,0.35000000000000003,0.0,1.32,0.08,0.67
Valle d'Aosta,2020-05-01 17:00:00,0.33,0.0,1.3,0.05,0.63
Valle d'Aosta,2020-05-02 17:00:00,0.33,0.0,1.33,0.06,0.65
Valle d'Aosta,2020-05-03 17:00:00,0.31,0.0,1.31,0.07,0.64
Valle d'Aosta,2020-05-04 17:00:00,0.31,0.0,1.33,0.08,0.66
Valle d'Aosta,2020-05-05 17:00:00,0.3,0.0,1.31,0.03,0.6
Valle d'Aosta,2020-05-06 17:00:00,0.3,0.0,1.33,0.03,0.61
Valle d'Aosta,2020-05-07 17:00:00,0.31,0.0,1.35,0.04,0.63
Valle d'Aosta,2020-05-08 17:00:00,0.31,0.0,1.3800000000000001,0.04,0.64
Valle d'Aosta,2020-05-09 17:00:00,0.32,0.0,1.4000000000000001,0.04,0.65
Valle d'Aosta,2020-05-10 17:00:00,0.32,0.0,1.42,0.04,0.66
Valle d'Aosta,2020-05-11 17:00:00,0.32,0.0,1.44,0.04,0.67
Veneto,2020-02-26 18:00:00,1.97,0.12,3.59,1.08,2.64
Veneto,2020-02-27 18:00:00,1.9000000000000001,0.42,3.15,1.23,2.38
Veneto,2020-02-28 18:00:00,1.78,0.5700000000000001,2.83,1.21,2.15
Veneto,2020-02-29 17:00:00,1.7,0.66,2.62,1.21,2.02
Veneto,2020-03-01 17:00:00,1.53,0.61,2.37,1.08,1.81
Veneto,2020-03-02 18:00:00,1.45,0.59,2.22,1.06,1.73
Veneto,2020-03-03 18:00:00,1.42,0.63,2.16,1.06,1.69
Veneto,2020-03-04 17:00:00,1.51,0.74,2.19,1.1400000000000001,1.74
Veneto,2020-03-05 17:00:00,1.6400000000000001,0.91,2.2800000000000002,1.33,1.8900000000000001
Veneto,2020-03-06 17:00:00,1.74,1.06,2.35,1.44,1.97
Veneto,2020-03-07 18:00:00,1.84,1.2,2.42,1.56,2.06
Veneto,2020-03-08 18:00:00,1.97,1.36,2.5100000000000002,1.72,2.19
Veneto,2020-03-09 18:00:00,2.09,1.51,2.59,1.8,2.25
Veneto,2020-03-10 18:00:00,2.2600000000000002,1.75,2.75,1.98,2.4
Veneto,2020-03-11 17:00:00,2.33,1.84,2.77,2.07,2.46
Veneto,2020-03-12 17:00:00,2.2800000000000002,1.81,2.68,2.06,2.42
Veneto,2020-03-13 17:00:00,2.12,1.67,2.49,1.9000000000000001,2.24
Veneto,2020-03-14 17:00:00,1.9100000000000001,1.51,2.29,1.74,2.06
Veneto,2020-03-15 17:00:00,1.73,1.34,2.1,1.52,1.84
Veneto,2020-03-16 17:00:00,1.6500000000000001,1.24,1.99,1.45,1.76
Veneto,2020-03-17 17:00:00,1.6400000000000001,1.25,1.98,1.46,1.76
Veneto,2020-03-18 17:00:00,1.68,1.3,2.0100000000000002,1.52,1.81
Veneto,2020-03-19 17:00:00,1.69,1.32,2.0100000000000002,1.5,1.79
Veneto,2020-03-20 17:00:00,1.6400000000000001,1.28,1.95,1.45,1.73
Veneto,2020-03-21 17:00:00,1.52,1.18,1.83,1.35,1.62
Veneto,2020-03-22 17:00:00,1.35,0.99,1.6400000000000001,1.17,1.44
Veneto,2020-03-23 17:00:00,1.2,0.87,1.51,1.02,1.29
Veneto,2020-03-24 17:00:00,1.12,0.76,1.41,0.9400000000000001,1.21
Veneto,2020-03-25 17:00:00,1.09,0.73,1.3800000000000001,0.91,1.18
Veneto,2020-03-26 17:00:00,1.07,0.71,1.36,0.89,1.16
Veneto,2020-03-27 17:00:00,1.01,0.65,1.3,0.8300000000000001,1.1
Veneto,2020-03-28 17:00:00,0.93,0.58,1.23,0.76,1.03
Veneto,2020-03-29 17:00:00,0.87,0.51,1.17,0.71,0.98
Veneto,2020-03-30 17:00:00,0.86,0.51,1.17,0.71,0.98
Veneto,2020-03-31 17:00:00,0.89,0.52,1.19,0.7000000000000001,0.98
Veneto,2020-04-01 17:00:00,0.9,0.54,1.21,0.72,1.0
Veneto,2020-04-02 17:00:00,0.89,0.53,1.2,0.71,0.99
Veneto,2020-04-03 17:00:00,0.86,0.48,1.16,0.68,0.96
Veneto,2020-04-04 17:00:00,0.84,0.48,1.16,0.67,0.9500000000000001
Veneto,2020-04-05 17:00:00,0.86,0.48,1.17,0.71,0.99
Veneto,2020-04-06 17:00:00,0.9500000000000001,0.5700000000000001,1.26,0.8,1.08
Veneto,2020-04-07 17:00:00,1.05,0.7000000000000001,1.3800000000000001,0.89,1.17
Veneto,2020-04-08 17:00:00,1.11,0.74,1.42,0.9400000000000001,1.22
Veneto,2020-04-09 17:00:00,1.07,0.72,1.3900000000000001,0.89,1.17
Veneto,2020-04-10 17:00:00,0.92,0.5700000000000001,1.24,0.74,1.02
Veneto,2020-04-11 17:00:00,0.6900000000000001,0.34,1.02,0.53,0.81
Veneto,2020-04-12 17:00:00,0.48,0.1,0.79,0.3,0.59
Veneto,2020-04-13 17:00:00,0.37,0.01,0.67,0.19,0.48
Veneto,2020-04-14 17:00:00,0.43,0.04,0.75,0.22,0.53
Veneto,2020-04-15 17:00:00,0.64,0.21,0.99,0.46,0.78
Veneto,2020-04-16 17:00:00,0.87,0.48,1.25,0.67,0.99
Veneto,2020-04-17 17:00:00,0.99,0.59,1.35,0.77,1.09
Veneto,2020-04-18 17:00:00,0.97,0.55,1.31,0.79,1.1
Veneto,2020-04-19 17:00:00,0.89,0.47000000000000003,1.23,0.71,1.02
Veneto,2020-04-20 17:00:00,0.8300000000000001,0.43,1.19,0.61,0.93
Veneto,2020-04-21 17:00:00,0.81,0.4,1.17,0.6,0.92
Veneto,2020-04-22 17:00:00,0.79,0.37,1.1500000000000001,0.6,0.92
Veneto,2020-04-23 17:00:00,0.74,0.31,1.1,0.52,0.85
Veneto,2020-04-24 17:00:00,0.62,0.17,0.97,0.42,0.75
Veneto,2020-04-25 17:00:00,0.46,0.04,0.81,0.28,0.61
Veneto,2020-04-26 17:00:00,0.3,0.0,0.67,0.11,0.42
Veneto,2020-04-27 17:00:00,0.24,0.0,0.64,0.08,0.37
Veneto,2020-04-28 17:00:00,0.28,0.0,0.6900000000000001,0.11,0.42
Veneto,2020-04-29 17:00:00,0.37,0.0,0.78,0.16,0.51
Veneto,2020-04-30 17:00:00,0.47000000000000003,0.05,0.9,0.23,0.61
Veneto,2020-05-01 17:00:00,0.52,0.04,0.93,0.27,0.66
Veneto,2020-05-02 17:00:00,0.47000000000000003,0.02,0.88,0.2,0.59
Veneto,2020-05-03 17:00:00,0.36,0.0,0.8,0.11,0.48
Veneto,2020-05-04 17:00:00,0.25,0.0,0.73,0.07,0.4
Veneto,2020-05-05 17:00:00,0.24,0.0,0.72,0.07,0.39
Veneto,2020-05-06 17:00:00,0.26,0.0,0.75,0.05,0.39
Veneto,2020-05-07 17:00:00,0.31,0.0,0.81,0.08,0.45
Veneto,2020-05-08 17:00:00,0.34,0.0,0.85,0.09,0.48
Veneto,2020-05-09 17:00:00,0.33,0.0,0.85,0.09,0.48
Veneto,2020-05-10 17:00:00,0.31,0.0,0.85,0.07,0.46
Veneto,2020-05-11 17:00:00,0.29,0.0,0.84,0.09,0.47000000000000003
